task,selected_model,group_feature,group,n,mae,rmse,r2,accuracy,balanced_accuracy,macro_f1
airbnb_price,KRR [linear],city,Bozeman,10,24.283937989366287,36.50255150989812,0.8372131678876449,,,
airbnb_price,KRR [linear],city,Dallas,93,135.58996734241194,342.0319012421671,0.23302109769321266,,,
airbnb_price,KRR [linear],city,Nashville,95,88.52469950655617,162.41581817966735,0.3160057813935585,,,
airbnb_price,KRR [linear],city,Seattle,102,650.2702697357822,5020.0640991912405,-0.014049984985488262,,,
airbnb_price,KRR [linear],room_type,Entire home/apt,262,138.67764669462602,608.219411694272,0.06872676198060268,,,
airbnb_price,KRR [linear],room_type,Private room,36,34.33314050615073,52.3909393772908,0.32455135211384456,,,
airbnb_superhost,Logistic Regression,city,Bozeman,13,,,,0.7692307692307693,0.625,0.6285714285714286
airbnb_superhost,Logistic Regression,city,Dallas,89,,,,0.7640449438202247,0.7639311043566362,0.7635673624288425
airbnb_superhost,Logistic Regression,city,Nashville,108,,,,0.7407407407407407,0.6963235294117647,0.7041095890410959
airbnb_superhost,Logistic Regression,city,Seattle,88,,,,0.8181818181818182,0.8394276629570747,0.8181818181818183
airbnb_superhost,Logistic Regression,room_type,Entire home/apt,259,,,,0.7644787644787645,0.7483968542044768,0.7520441954266522
airbnb_superhost,Logistic Regression,room_type,Private room,40,,,,0.825,0.8125,0.8156682027649771
nyc_complaint,Kernel SVM [linear],Borough,BRONX,65,,,,0.5384615384615384,0.3101604278074866,0.23882352941176474
nyc_complaint,Kernel SVM [linear],Borough,BROOKLYN,78,,,,0.5769230769230769,0.4258976317799847,0.3461053652230123
nyc_complaint,Kernel SVM [linear],Borough,MANHATTAN,44,,,,0.5227272727272727,0.46726190476190477,0.36198443341300485
nyc_complaint,Kernel SVM [linear],Borough,QUEENS,58,,,,0.39655172413793105,0.15535444947209656,0.15796618242438676
nyc_complaint,Kernel SVM [linear],Borough,STATEN ISLAND,13,,,,0.6153846153846154,0.4464285714285714,0.41666666666666663
nyc_complaint,Kernel SVM [linear],Open Data Channel Type,MOBILE,65,,,,0.5538461538461539,0.275,0.217610513739546
nyc_complaint,Kernel SVM [linear],Open Data Channel Type,ONLINE,111,,,,0.5495495495495496,0.3697655316606929,0.29664360693772457
nyc_complaint,Kernel SVM [linear],Open Data Channel Type,PHONE,59,,,,0.423728813559322,0.2986425339366516,0.20835080748997536
nyc_complaint,Kernel SVM [linear],Open Data Channel Type,UNKNOWN,25,,,,0.52,0.34404761904761905,0.31166666666666665
nyc_complaint,Kernel SVM [linear],created_month,4,91,,,,0.5604395604395604,0.3814846255423505,0.31219377634733786
nyc_complaint,Kernel SVM [linear],created_month,5,95,,,,0.5894736842105263,0.39701127819548876,0.32036783804430863
nyc_complaint,Kernel SVM [linear],created_month,6,74,,,,0.3783783783783784,0.21785714285714283,0.15932785531063867
nyc_resolution,KRR [rbf],Borough,BRONX,60,61.79266926746997,168.11491541249248,0.13044704333822899,,,
nyc_resolution,KRR [rbf],Borough,BROOKLYN,99,74.10160307338032,195.26227998397195,0.08857615900971771,,,
nyc_resolution,KRR [rbf],Borough,MANHATTAN,57,80.7874796021738,217.27887792203168,-0.07753088461484525,,,
nyc_resolution,KRR [rbf],Borough,QUEENS,69,27.598754080581628,76.91224605940869,0.057091487839944666,,,
nyc_resolution,KRR [rbf],Borough,STATEN ISLAND,15,47.89074017216991,75.23763100974179,0.03552687308116209,,,
nyc_resolution,KRR [rbf],Open Data Channel Type,MOBILE,67,15.58812003991449,54.478263446305846,0.12052764883345635,,,
nyc_resolution,KRR [rbf],Open Data Channel Type,ONLINE,135,53.14092109824137,158.3065399827607,0.10627639669192357,,,
nyc_resolution,KRR [rbf],Open Data Channel Type,PHONE,72,113.49028657647848,255.53498641758247,-0.04975529377891097,,,
nyc_resolution,KRR [rbf],Open Data Channel Type,UNKNOWN,26,72.36351182062045,119.43437016562187,-0.09921992725448092,,,
nyc_resolution,KRR [rbf],created_month,3,12,136.12346601831288,409.7931381888018,-0.07970289655874807,,,
nyc_resolution,KRR [rbf],created_month,4,97,74.00381737619402,214.32510496321814,0.0533561115579132,,,
nyc_resolution,KRR [rbf],created_month,5,109,70.5941462484851,135.871284785609,0.08511776467669818,,,
nyc_resolution,KRR [rbf],created_month,6,82,21.51910381687788,45.70422633736451,0.1933801204609329,,,
hr_attrition,Logistic Regression,Gender,Female,140,,,,0.8428571428571429,0.6659919028340081,0.6918767507002801
hr_attrition,Logistic Regression,Gender,Male,227,,,,0.8810572687224669,0.6286316776007498,0.6669926650366749
hr_attrition,Logistic Regression,Department,Human Resources,16,,,,0.875,0.5,0.4666666666666667
hr_attrition,Logistic Regression,Department,Research & Development,244,,,,0.8483606557377049,0.577991452991453,0.5949208058509445
hr_attrition,Logistic Regression,Department,Sales,107,,,,0.9065420560747663,0.7799003322259136,0.8251633986928104
hr_attrition,Logistic Regression,OverTime,No,262,,,,0.9007633587786259,0.5956896551724138,0.6311457656486896
hr_attrition,Logistic Regression,OverTime,Yes,105,,,,0.780952380952381,0.6780852994555354,0.6938775510204082
retail_segment,Logistic Regression,country,France,7,,,,0.5714285714285714,0.4583333333333333,0.45833333333333326
retail_segment,Logistic Regression,country,Germany,8,,,,0.375,0.3125,0.32142857142857145
retail_segment,Logistic Regression,country,United Kingdom,266,,,,0.5413533834586466,0.47290780552260253,0.469364134542706
retail_spending,Decision Tree,country,France,7,840.0278898045937,1225.4210613914186,-0.48833996238051447,,,
retail_spending,Decision Tree,country,Germany,8,214.75065868734953,391.33581817117454,0.9789166863905058,,,
retail_spending,Decision Tree,country,Spain,5,223.94227964960646,286.6718217780797,-4.67711595060382,,,
retail_spending,Decision Tree,country,United Kingdom,270,691.6490987382297,3682.797342144034,0.12020474014693339,,,
