task,selected_model,latitude,longitude,accommodates,bathrooms,bathrooms_from_text,bedrooms,beds,minimum_nights,maximum_nights,availability_30,availability_365,number_of_reviews,number_of_reviews_ltm,number_of_reviews_l30d,review_scores_rating,review_scores_accuracy,review_scores_cleanliness,review_scores_checkin,review_scores_communication,review_scores_location,review_scores_value,reviews_per_month,host_response_rate,host_acceptance_rate,host_listings_count,host_total_listings_count,calculated_host_listings_count,host_tenure_days,listing_age_days,days_since_last_review,amenity_count,city,neighbourhood_cleansed,property_type,room_type,host_response_time,host_has_profile_pic,host_identity_verified,instant_bookable,has_availability,review_information_missing,host_response_missing,capacity_information_missing,host_profile_missing,actual,predicted,absolute_error,relative_error,diagnostic,error,actual_label,predicted_label,Agency,Location Type,Incident Zip,City,Borough,Open Data Channel Type,Community Board,Council District,Latitude,Longitude,created_hour,created_dayofweek,created_month,created_day,is_weekend,is_business_hours,hour_sin,hour_cos,dow_sin,dow_cos,days_from_start,near_duplicate_report_count,Age,BusinessTravel,DailyRate,Department,DistanceFromHome,Education,EducationField,EnvironmentSatisfaction,Gender,HourlyRate,JobInvolvement,JobLevel,JobRole,JobSatisfaction,MaritalStatus,MonthlyIncome,MonthlyRate,NumCompaniesWorked,OverTime,PercentSalaryHike,PerformanceRating,RelationshipSatisfaction,StockOptionLevel,TotalWorkingYears,TrainingTimesLastYear,WorkLifeBalance,YearsAtCompany,YearsInCurrentRole,YearsSinceLastPromotion,YearsWithCurrManager,income_per_job_level,company_tenure_ratio,role_tenure_ratio,manager_tenure_ratio,promotion_stagnation_ratio,recency_days,tenure_days,product_diversity,total_units,gross_spend,avg_unit_price,country,weekend_purchase_share,evening_purchase_share,frequency,avg_order_value,max_order_value,avg_basket_units,avg_products_per_order,return_count,return_value_rate,spend_first_half,spend_second_half,spend_trend_ratio
airbnb_price,KRR [linear],47.60961,-122.34175,2.0,1.0,1.0,1.0,0.0,1.0,365.0,0.0,0.0,0.0,0.0,0.0,,,,,,,,,0.99,0.94,538.0,574.0,11.0,356.0,,,35.0,Seattle,Pike-Market,Room in hotel,Hotel room,within an hour,t,t,t,t,1.0,0.0,0.0,0.0,50000.0,131.55706524479007,49868.44293475521,0.9973688586951042,extreme right-tail target / extrapolation limit,,,,,,,,,,,,,,,,,,,,,,,,,,,,,,,,,,,,,,,,,,,,,,,,,,,,,,,,,,,,,,,,,,,,,,,,,,,,,,,
airbnb_price,KRR [linear],47.66315,-122.34664,15.0,3.5,3.5,6.0,6.0,2.0,90.0,17.0,17.0,3.0,0.0,0.0,4.0,3.67,3.33,4.67,4.0,4.0,3.67,0.09,0.96,0.97,33.0,54.0,4.0,2675.0,1285.0,1088.0,31.0,Seattle,Wallingford,Entire home,Entire home/apt,within an hour,t,t,f,t,0.0,0.0,0.0,0.0,9400.0,406.9922671622468,8993.007732837754,0.9567029503018887,extreme right-tail target / extrapolation limit,,,,,,,,,,,,,,,,,,,,,,,,,,,,,,,,,,,,,,,,,,,,,,,,,,,,,,,,,,,,,,,,,,,,,,,,,,,,,,,
airbnb_price,KRR [linear],32.90084707569008,-96.80555266840636,10.0,4.0,4.0,4.0,7.0,5.0,365.0,28.0,44.0,0.0,0.0,0.0,,,,,,,,,,,1.0,,1.0,,,,19.0,Dallas,District 13,Entire home,Entire home/apt,,t,t,,t,1.0,1.0,0.0,1.0,2607.4,504.06148841873664,2103.3385115812634,0.8066804140451267,extreme right-tail target / extrapolation limit,,,,,,,,,,,,,,,,,,,,,,,,,,,,,,,,,,,,,,,,,,,,,,,,,,,,,,,,,,,,,,,,,,,,,,,,,,,,,,,
airbnb_price,KRR [linear],32.79765,-96.76294,6.0,2.0,2.0,3.0,4.0,1.0,365.0,30.0,365.0,0.0,0.0,0.0,,,,,,,,,,,1.0,,1.0,,,,36.0,Dallas,District 14,Entire loft,Entire home/apt,,t,t,,t,1.0,1.0,0.0,1.0,2283.0,512.3578969752263,1770.6421030247739,0.7755769176630635,feature collision or unobserved explanatory variable,,,,,,,,,,,,,,,,,,,,,,,,,,,,,,,,,,,,,,,,,,,,,,,,,,,,,,,,,,,,,,,,,,,,,,,,,,,,,,,
airbnb_price,KRR [linear],32.70899,-96.83344,4.0,1.0,1.0,2.0,2.0,1.0,365.0,29.0,364.0,0.0,0.0,0.0,,,,,,,,,,,1.0,,1.0,,,,9.0,Dallas,District 4,Entire home,Entire home/apt,,f,t,,t,1.0,1.0,0.0,1.0,1712.0,325.63137220337705,1386.368627796623,0.8097947592269995,feature collision or unobserved explanatory variable,,,,,,,,,,,,,,,,,,,,,,,,,,,,,,,,,,,,,,,,,,,,,,,,,,,,,,,,,,,,,,,,,,,,,,,,,,,,,,,
airbnb_price,KRR [linear],47.63107190471082,-122.36302323176962,8.0,3.5,3.5,4.0,4.0,3.0,29.0,15.0,54.0,15.0,10.0,2.0,5.0,5.0,5.0,5.0,5.0,5.0,5.0,0.74,1.0,0.95,1.0,1.0,1.0,1083.0,857.0,269.0,62.0,Seattle,Lower Queen Anne,Entire home,Entire home/apt,within an hour,f,f,f,t,0.0,0.0,0.0,0.0,1340.0,350.2531106361896,989.7468893638104,0.7386170816147839,feature collision or unobserved explanatory variable,,,,,,,,,,,,,,,,,,,,,,,,,,,,,,,,,,,,,,,,,,,,,,,,,,,,,,,,,,,,,,,,,,,,,,,,,,,,,,,
airbnb_price,KRR [linear],36.164848,-86.777786,12.0,5.5,5.5,4.0,10.0,2.0,365.0,9.0,314.0,103.0,23.0,1.0,4.93,4.9,4.93,4.96,4.97,4.96,4.76,1.96,1.0,1.0,18.0,21.0,15.0,4073.0,1830.0,280.0,54.0,Nashville,District 19,Entire condo,Entire home/apt,within an hour,t,t,f,t,0.0,0.0,0.0,0.0,1292.0,360.54775637780085,931.4522436221991,0.7209382690574296,feature collision or unobserved explanatory variable,,,,,,,,,,,,,,,,,,,,,,,,,,,,,,,,,,,,,,,,,,,,,,,,,,,,,,,,,,,,,,,,,,,,,,,,,,,,,,,
airbnb_price,KRR [linear],36.14263,-86.84006,12.0,4.5,4.5,4.0,5.0,7.0,60.0,11.0,333.0,125.0,1.0,0.0,4.94,5.0,4.98,5.0,4.98,4.97,4.91,1.21,1.0,0.83,2.0,2.0,1.0,4819.0,3350.0,384.0,52.0,Nashville,District 24,Entire home,Entire home/apt,within a few hours,t,t,f,t,0.0,0.0,0.0,0.0,1080.0,312.89932542859935,767.1006745714006,0.7102784023809265,feature collision or unobserved explanatory variable,,,,,,,,,,,,,,,,,,,,,,,,,,,,,,,,,,,,,,,,,,,,,,,,,,,,,,,,,,,,,,,,,,,,,,,,,,,,,,,
airbnb_price,KRR [linear],47.63957,-122.34345,3.0,1.0,1.0,1.0,1.0,30.0,365.0,0.0,335.0,56.0,9.0,1.0,4.91,4.95,4.93,4.93,4.96,4.73,4.71,2.11,1.0,0.99,17.0,20.0,14.0,2992.0,1048.0,266.0,55.0,Seattle,East Queen Anne,Entire townhouse,Entire home/apt,within an hour,t,t,f,t,0.0,0.0,0.0,0.0,800.0,106.2941866195155,693.7058133804845,0.8671322667256056,feature collision or unobserved explanatory variable,,,,,,,,,,,,,,,,,,,,,,,,,,,,,,,,,,,,,,,,,,,,,,,,,,,,,,,,,,,,,,,,,,,,,,,,,,,,,,,
airbnb_price,KRR [linear],47.57761,-122.41444,12.0,1.0,1.0,3.0,3.0,3.0,31.0,27.0,86.0,5.0,0.0,0.0,4.6,5.0,4.6,4.4,4.2,5.0,5.0,0.05,0.4,0.82,2.0,4.0,2.0,4083.0,3280.0,3081.0,41.0,Seattle,Alki,Entire home,Entire home/apt,a few days or more,t,f,t,t,0.0,0.0,0.0,0.0,200.0,866.005088412696,666.005088412696,3.3300254420634796,feature collision or unobserved explanatory variable,,,,,,,,,,,,,,,,,,,,,,,,,,,,,,,,,,,,,,,,,,,,,,,,,,,,,,,,,,,,,,,,,,,,,,,,,,,,,,,
airbnb_superhost,Logistic Regression,32.7491,-96.82991,2.0,1.0,1.0,1.0,1.0,1.0,1125.0,6.0,226.0,22.0,22.0,5.0,4.91,4.91,4.86,5.0,4.91,4.95,4.91,5.28,,,4.0,,3.0,,133.0,24.0,33.0,Dallas,District 1,Entire guest suite,Entire home/apt,,t,t,,t,0.0,1.0,0.0,1.0,1.0,0.0,,,"class overlap, drift, or ambiguous label",True,1.0,0.0,,,,,,,,,,,,,,,,,,,,,,,,,,,,,,,,,,,,,,,,,,,,,,,,,,,,,,,,,,,,,,,,,,,,,,,,,,,,
airbnb_superhost,Logistic Regression,36.20549015825564,-86.81074988096952,12.0,,4.0,4.0,,2.0,365.0,19.0,347.0,48.0,11.0,1.0,4.69,4.77,4.58,4.94,4.92,4.5,4.75,1.24,1.0,0.99,103.0,135.0,66.0,2303.0,1410.0,256.0,49.0,Nashville,District 2,Entire home,Entire home/apt,within an hour,t,t,t,t,0.0,0.0,1.0,0.0,0.0,1.0,,,"class overlap, drift, or ambiguous label",True,0.0,1.0,,,,,,,,,,,,,,,,,,,,,,,,,,,,,,,,,,,,,,,,,,,,,,,,,,,,,,,,,,,,,,,,,,,,,,,,,,,,
airbnb_superhost,Logistic Regression,36.14454,-86.76374,16.0,4.5,4.5,5.0,14.0,2.0,1125.0,30.0,365.0,7.0,0.0,0.0,4.57,4.43,5.0,5.0,5.0,4.86,4.57,0.13,1.0,0.99,31.0,32.0,14.0,3125.0,1858.0,956.0,56.0,Nashville,District 17,Entire townhouse,Entire home/apt,within an hour,t,t,t,t,0.0,0.0,0.0,0.0,1.0,0.0,,,"class overlap, drift, or ambiguous label",True,1.0,0.0,,,,,,,,,,,,,,,,,,,,,,,,,,,,,,,,,,,,,,,,,,,,,,,,,,,,,,,,,,,,,,,,,,,,,,,,,,,,
airbnb_superhost,Logistic Regression,47.71794912917265,-122.28237029099115,10.0,1.5,1.5,4.0,4.0,2.0,365.0,21.0,70.0,5.0,5.0,0.0,4.8,4.8,5.0,5.0,5.0,4.8,4.8,0.8,1.0,1.0,1.0,1.0,1.0,2969.0,438.0,315.0,69.0,Seattle,Cedar Park,Entire home,Entire home/apt,within an hour,t,f,t,t,0.0,0.0,0.0,0.0,0.0,1.0,,,"class overlap, drift, or ambiguous label",True,0.0,1.0,,,,,,,,,,,,,,,,,,,,,,,,,,,,,,,,,,,,,,,,,,,,,,,,,,,,,,,,,,,,,,,,,,,,,,,,,,,,
airbnb_superhost,Logistic Regression,47.5221035,-122.382885,6.0,2.0,2.0,3.0,3.0,2.0,45.0,20.0,335.0,2.0,2.0,2.0,5.0,5.0,5.0,5.0,5.0,5.0,5.0,2.0,1.0,0.99,25.0,36.0,10.0,1749.0,275.0,264.0,51.0,Seattle,Fauntleroy,Entire home,Entire home/apt,within an hour,t,t,f,t,0.0,0.0,0.0,0.0,0.0,1.0,,,"class overlap, drift, or ambiguous label",True,0.0,1.0,,,,,,,,,,,,,,,,,,,,,,,,,,,,,,,,,,,,,,,,,,,,,,,,,,,,,,,,,,,,,,,,,,,,,,,,,,,,
airbnb_superhost,Logistic Regression,47.5916028,-122.295231,4.0,2.5,2.5,2.0,3.0,2.0,365.0,17.0,340.0,19.0,16.0,2.0,4.95,5.0,5.0,5.0,5.0,4.95,4.89,1.43,1.0,0.99,3.0,3.0,3.0,4245.0,649.0,257.0,38.0,Seattle,Leschi,Entire home,Entire home/apt,within an hour,t,t,t,t,0.0,0.0,0.0,0.0,0.0,1.0,,,"class overlap, drift, or ambiguous label",True,0.0,1.0,,,,,,,,,,,,,,,,,,,,,,,,,,,,,,,,,,,,,,,,,,,,,,,,,,,,,,,,,,,,,,,,,,,,,,,,,,,,
airbnb_superhost,Logistic Regression,32.7823421,-96.7807706,5.0,2.0,2.0,2.0,2.0,2.0,1125.0,27.0,185.0,1.0,1.0,0.0,5.0,5.0,5.0,5.0,5.0,5.0,5.0,0.13,,,1.0,,1.0,,235.0,235.0,36.0,Dallas,District 2,Entire rental unit,Entire home/apt,,t,t,,t,0.0,1.0,0.0,1.0,0.0,1.0,,,"class overlap, drift, or ambiguous label",True,0.0,1.0,,,,,,,,,,,,,,,,,,,,,,,,,,,,,,,,,,,,,,,,,,,,,,,,,,,,,,,,,,,,,,,,,,,,,,,,,,,,
airbnb_superhost,Logistic Regression,47.68096,-122.35223,4.0,1.0,1.0,2.0,3.0,1.0,365.0,11.0,175.0,116.0,48.0,3.0,4.86,4.9,4.84,4.91,4.86,4.91,4.66,4.09,,,239.0,329.0,104.0,2280.0,1102.0,270.0,40.0,Seattle,Phinney Ridge,Entire home,Entire home/apt,,t,t,f,t,0.0,1.0,0.0,0.0,0.0,1.0,,,"class overlap, drift, or ambiguous label",True,0.0,1.0,,,,,,,,,,,,,,,,,,,,,,,,,,,,,,,,,,,,,,,,,,,,,,,,,,,,,,,,,,,,,,,,,,,,,,,,,,,,
airbnb_superhost,Logistic Regression,36.17035,-86.68705,8.0,,2.0,2.0,,3.0,28.0,0.0,0.0,48.0,3.0,0.0,5.0,5.0,4.98,5.0,5.0,4.94,4.94,1.13,,1.0,1.0,14.0,1.0,4669.0,1530.0,552.0,67.0,Nashville,District 15,Entire home,Entire home/apt,,t,t,f,t,0.0,1.0,1.0,0.0,0.0,1.0,,,"class overlap, drift, or ambiguous label",True,0.0,1.0,,,,,,,,,,,,,,,,,,,,,,,,,,,,,,,,,,,,,,,,,,,,,,,,,,,,,,,,,,,,,,,,,,,,,,,,,,,,
airbnb_superhost,Logistic Regression,32.7652,-96.7701,8.0,,2.0,3.0,5.0,1.0,365.0,18.0,51.0,1.0,1.0,0.0,5.0,5.0,5.0,5.0,5.0,5.0,5.0,0.24,,,1.0,,1.0,,132.0,132.0,60.0,Dallas,District 7,Entire home,Entire home/apt,,t,t,,t,0.0,1.0,1.0,1.0,0.0,1.0,,,"class overlap, drift, or ambiguous label",True,0.0,1.0,,,,,,,,,,,,,,,,,,,,,,,,,,,,,,,,,,,,,,,,,,,,,,,,,,,,,,,,,,,,,,,,,,,,,,,,,,,,
nyc_complaint,Kernel SVM [linear],,,,,,,,,,,,,,,,,,,,,,,,,,,,,,,,,,,,,,,,,,,,,16.0,17.0,,,rare/underrepresented class,True,Street Condition,Traffic Signal Condition,DOT,,11357.0,QUEENS,QUEENS,UNKNOWN,07 QUEENS,,,,19.0,2.0,4.0,1.0,0.0,0.0,-0.9659258262890684,0.2588190451025203,0.9749279121818236,-0.2225209339563143,238.0,1.0,,,,,,,,,,,,,,,,,,,,,,,,,,,,,,,,,,,,,,,,,,,,,,,,,,,,,,
nyc_complaint,Kernel SVM [linear],,,,,,,,,,,,,,,,,,,,,,,,,,,,,,,,,,,,,,,,,,,,,10.0,6.0,,,rare/underrepresented class,True,Noise - Street/Sidewalk,Illegal Parking,NYPD,Street/Sidewalk,10455.0,BRONX,BRONX,ONLINE,01 BRONX,17.0,40.8177873812,-73.91330278053,18.0,1.0,4.0,7.0,0.0,0.0,-1.0,-1.8369701987210294e-16,0.7818314824680298,0.6234898018587336,244.0,1.0,,,,,,,,,,,,,,,,,,,,,,,,,,,,,,,,,,,,,,,,,,,,,,,,,,,,,,
nyc_complaint,Kernel SVM [linear],,,,,,,,,,,,,,,,,,,,,,,,,,,,,,,,,,,,,,,,,,,,,12.0,16.0,,,"class overlap, drift, or ambiguous label",True,OTHER,Street Condition,DOT,Sidewalk,11229.0,BROOKLYN,BROOKLYN,ONLINE,15 BROOKLYN,48.0,40.60548401086,-73.96054004673,10.0,2.0,4.0,15.0,0.0,1.0,0.4999999999999999,-0.8660254037844387,0.9749279121818236,-0.2225209339563143,251.0,1.0,,,,,,,,,,,,,,,,,,,,,,,,,,,,,,,,,,,,,,,,,,,,,,,,,,,,,,
nyc_complaint,Kernel SVM [linear],,,,,,,,,,,,,,,,,,,,,,,,,,,,,,,,,,,,,,,,,,,,,19.0,5.0,,,rare/underrepresented class,True,WATER LEAK,HEAT/HOT WATER,HPD,RESIDENTIAL BUILDING,11203.0,BROOKLYN,BROOKLYN,PHONE,17 BROOKLYN,41.0,40.65772420041,-73.92907720351,17.0,3.0,6.0,11.0,0.0,1.0,-0.9659258262890684,-0.2588190451025206,0.4338837391175582,-0.900968867902419,309.0,1.0,,,,,,,,,,,,,,,,,,,,,,,,,,,,,,,,,,,,,,,,,,,,,,,,,,,,,,
nyc_complaint,Kernel SVM [linear],,,,,,,,,,,,,,,,,,,,,,,,,,,,,,,,,,,,,,,,,,,,,12.0,16.0,,,"class overlap, drift, or ambiguous label",True,OTHER,Street Condition,DOT,,10024.0,MANHATTAN,MANHATTAN,UNKNOWN,07 MANHATTAN,6.0,40.78452187104,-73.97947129352,21.0,1.0,5.0,5.0,0.0,0.0,-0.7071067811865477,0.7071067811865474,0.7818314824680298,0.6234898018587336,272.0,1.0,,,,,,,,,,,,,,,,,,,,,,,,,,,,,,,,,,,,,,,,,,,,,,,,,,,,,,
nyc_complaint,Kernel SVM [linear],,,,,,,,,,,,,,,,,,,,,,,,,,,,,,,,,,,,,,,,,,,,,6.0,1.0,,,"class overlap, drift, or ambiguous label",True,Illegal Parking,Blocked Driveway,NYPD,Street/Sidewalk,11422.0,ROSEDALE,QUEENS,ONLINE,13 QUEENS,31.0,40.65952862869,-73.73103858426,22.0,2.0,4.0,8.0,0.0,0.0,-0.5000000000000004,0.8660254037844384,0.9749279121818236,-0.2225209339563143,245.0,1.0,,,,,,,,,,,,,,,,,,,,,,,,,,,,,,,,,,,,,,,,,,,,,,,,,,,,,,
nyc_complaint,Kernel SVM [linear],,,,,,,,,,,,,,,,,,,,,,,,,,,,,,,,,,,,,,,,,,,,,12.0,20.0,,,"class overlap, drift, or ambiguous label",True,OTHER,Water System,TLC,,,,Unspecified,MOBILE,0 Unspecified,,,,11.0,1.0,6.0,9.0,0.0,1.0,0.258819045102521,-0.9659258262890682,0.7818314824680298,0.6234898018587336,306.0,1.0,,,,,,,,,,,,,,,,,,,,,,,,,,,,,,,,,,,,,,,,,,,,,,,,,,,,,,
nyc_complaint,Kernel SVM [linear],,,,,,,,,,,,,,,,,,,,,,,,,,,,,,,,,,,,,,,,,,,,,0.0,5.0,,,rare/underrepresented class,True,Abandoned Vehicle,HEAT/HOT WATER,NYPD,Street/Sidewalk,11004.0,GLEN OAKS,QUEENS,MOBILE,13 QUEENS,23.0,40.73983292739,-73.70428843861,23.0,3.0,5.0,14.0,0.0,0.0,-0.2588190451025215,0.965925826289068,0.4338837391175582,-0.900968867902419,281.0,1.0,,,,,,,,,,,,,,,,,,,,,,,,,,,,,,,,,,,,,,,,,,,,,,,,,,,,,,
nyc_complaint,Kernel SVM [linear],,,,,,,,,,,,,,,,,,,,,,,,,,,,,,,,,,,,,,,,,,,,,1.0,6.0,,,rare/underrepresented class,True,Blocked Driveway,Illegal Parking,NYPD,Street/Sidewalk,11205.0,BROOKLYN,BROOKLYN,ONLINE,03 BROOKLYN,33.0,40.69826068786,-73.96139754353,13.0,0.0,5.0,11.0,0.0,1.0,-0.2588190451025208,-0.9659258262890684,0.0,1.0,278.0,1.0,,,,,,,,,,,,,,,,,,,,,,,,,,,,,,,,,,,,,,,,,,,,,,,,,,,,,,
nyc_complaint,Kernel SVM [linear],,,,,,,,,,,,,,,,,,,,,,,,,,,,,,,,,,,,,,,,,,,,,0.0,6.0,,,rare/underrepresented class,True,Abandoned Vehicle,Illegal Parking,NYPD,Street/Sidewalk,10471.0,BRONX,BRONX,ONLINE,08 BRONX,11.0,40.90297732511,-73.89656215437,20.0,1.0,5.0,5.0,0.0,0.0,-0.8660254037844386,0.5000000000000001,0.7818314824680298,0.6234898018587336,272.0,1.0,,,,,,,,,,,,,,,,,,,,,,,,,,,,,,,,,,,,,,,,,,,,,,,,,,,,,,
nyc_resolution,KRR [rbf],,,,,,,,,,,,,,,,,,,,,,,,,,,,,,,,,,,,,,,,,,,,,1440.2913888888888,27.64359003671128,1412.6477988521776,0.9808069462540931,extreme right-tail target / extrapolation limit,,,,DOHMH,Restaurant/Bar/Deli/Bakery,10014.0,NEW YORK,MANHATTAN,PHONE,02 MANHATTAN,3.0,40.73069101281,-74.00163447521,13.0,6.0,3.0,29.0,1.0,0.0,-0.2588190451025208,-0.9659258262890684,-0.7818314824680299,0.6234898018587334,235.0,1.0,,,,,,,,,,,,,,,,,,,,,,,,,,,,,,,,,,,,,,,,,,,,,,,,,,,,,,
nyc_resolution,KRR [rbf],,,,,,,,,,,,,,,,,,,,,,,,,,,,,,,,,,,,,,,,,,,,,1240.6391666666666,97.11865799919057,1143.520508667476,0.9217188521783269,extreme right-tail target / extrapolation limit,,,,HPD,RESIDENTIAL BUILDING,11225.0,BROOKLYN,BROOKLYN,ONLINE,09 BROOKLYN,35.0,40.66840834277,-73.96080201413,17.0,3.0,4.0,9.0,0.0,1.0,-0.9659258262890684,-0.2588190451025206,0.4338837391175582,-0.900968867902419,246.0,1.0,,,,,,,,,,,,,,,,,,,,,,,,,,,,,,,,,,,,,,,,,,,,,,,,,,,,,,
nyc_resolution,KRR [rbf],,,,,,,,,,,,,,,,,,,,,,,,,,,,,,,,,,,,,,,,,,,,,1140.9055555555556,85.37600054211967,1055.5295550134358,0.9251682138575033,feature collision or unobserved explanatory variable,,,,HPD,RESIDENTIAL BUILDING,11205.0,BROOKLYN,BROOKLYN,PHONE,02 BROOKLYN,35.0,40.69661129082,-73.97153211434,20.0,2.0,4.0,8.0,0.0,0.0,-0.8660254037844386,0.5000000000000001,0.9749279121818236,-0.2225209339563143,245.0,1.0,,,,,,,,,,,,,,,,,,,,,,,,,,,,,,,,,,,,,,,,,,,,,,,,,,,,,,
nyc_resolution,KRR [rbf],,,,,,,,,,,,,,,,,,,,,,,,,,,,,,,,,,,,,,,,,,,,,1149.2827777777777,96.54618563547925,1052.7365921422984,0.9159944032032235,extreme right-tail target / extrapolation limit,,,,HPD,RESIDENTIAL BUILDING,10462.0,BRONX,BRONX,ONLINE,11 BRONX,13.0,40.85280945686,-73.866757111,10.0,3.0,4.0,16.0,0.0,1.0,0.4999999999999999,-0.8660254037844387,0.4338837391175582,-0.900968867902419,252.0,1.0,,,,,,,,,,,,,,,,,,,,,,,,,,,,,,,,,,,,,,,,,,,,,,,,,,,,,,
nyc_resolution,KRR [rbf],,,,,,,,,,,,,,,,,,,,,,,,,,,,,,,,,,,,,,,,,,,,,678.85,31.278983293236294,647.5710167067638,0.9539235717857608,feature collision or unobserved explanatory variable,,,,DEP,,11236.0,BROOKLYN,BROOKLYN,PHONE,18 BROOKLYN,46.0,40.6438549283,-73.90624266586,8.0,2.0,4.0,15.0,0.0,1.0,0.8660254037844387,-0.4999999999999998,0.9749279121818236,-0.2225209339563143,251.0,1.0,,,,,,,,,,,,,,,,,,,,,,,,,,,,,,,,,,,,,,,,,,,,,,,,,,,,,,
nyc_resolution,KRR [rbf],,,,,,,,,,,,,,,,,,,,,,,,,,,,,,,,,,,,,,,,,,,,,617.1061111111111,116.66141156671351,500.44469954439757,0.8109540491234766,feature collision or unobserved explanatory variable,,,,HPD,RESIDENTIAL BUILDING,11218.0,BROOKLYN,BROOKLYN,PHONE,12 BROOKLYN,39.0,40.64516212351,-73.97931958244,16.0,2.0,5.0,20.0,0.0,1.0,-0.8660254037844385,-0.5000000000000004,0.9749279121818236,-0.2225209339563143,287.0,1.0,,,,,,,,,,,,,,,,,,,,,,,,,,,,,,,,,,,,,,,,,,,,,,,,,,,,,,
nyc_resolution,KRR [rbf],,,,,,,,,,,,,,,,,,,,,,,,,,,,,,,,,,,,,,,,,,,,,566.0075,143.26205193692513,422.74544806307495,0.746890187962306,feature collision or unobserved explanatory variable,,,,HPD,RESIDENTIAL BUILDING,11207.0,BROOKLYN,BROOKLYN,PHONE,05 BROOKLYN,42.0,40.66371175388,-73.89477770152,12.0,4.0,5.0,22.0,0.0,1.0,1.2246467991473532e-16,-1.0,-0.433883739117558,-0.9009688679024191,288.0,1.0,,,,,,,,,,,,,,,,,,,,,,,,,,,,,,,,,,,,,,,,,,,,,,,,,,,,,,
nyc_resolution,KRR [rbf],,,,,,,,,,,,,,,,,,,,,,,,,,,,,,,,,,,,,,,,,,,,,477.6591666666667,79.77381694628068,397.885349720386,0.832990084743939,feature collision or unobserved explanatory variable,,,,HPD,RESIDENTIAL BUILDING,10453.0,BRONX,BRONX,ONLINE,05 BRONX,14.0,40.85410869351,-73.90360389368,11.0,1.0,5.0,26.0,0.0,1.0,0.258819045102521,-0.9659258262890682,0.7818314824680298,0.6234898018587336,292.0,1.0,,,,,,,,,,,,,,,,,,,,,,,,,,,,,,,,,,,,,,,,,,,,,,,,,,,,,,
nyc_resolution,KRR [rbf],,,,,,,,,,,,,,,,,,,,,,,,,,,,,,,,,,,,,,,,,,,,,427.1575,44.38529333217365,382.77220666782637,0.8960915041122451,feature collision or unobserved explanatory variable,,,,HPD,RESIDENTIAL BUILDING,10453.0,BRONX,BRONX,ONLINE,05 BRONX,14.0,40.85638988277,-73.90401268993,22.0,2.0,5.0,6.0,0.0,0.0,-0.5000000000000004,0.8660254037844384,0.9749279121818236,-0.2225209339563143,273.0,1.0,,,,,,,,,,,,,,,,,,,,,,,,,,,,,,,,,,,,,,,,,,,,,,,,,,,,,,
nyc_resolution,KRR [rbf],,,,,,,,,,,,,,,,,,,,,,,,,,,,,,,,,,,,,,,,,,,,,406.1333333333333,23.42955919249229,382.703774140841,0.9423106717190767,feature collision or unobserved explanatory variable,,,,DEP,,10019.0,NEW YORK,MANHATTAN,ONLINE,04 MANHATTAN,6.0,40.76783777542,-73.98759921882,12.0,4.0,5.0,15.0,0.0,1.0,1.2246467991473532e-16,-1.0,-0.433883739117558,-0.9009688679024191,281.0,1.0,,,,,,,,,,,,,,,,,,,,,,,,,,,,,,,,,,,,,,,,,,,,,,,,,,,,,,
hr_attrition,Logistic Regression,,,,,,,,,,,,,,,,,,,,,,,,,,,,,,,,,,,,,,,,,,,,,1.0,0.0,,,"class overlap, drift, or ambiguous label",True,,,,,,,,,,,,,,,,,,,,,,,,,34.0,Travel_Rarely,699.0,Research & Development,6.0,1.0,Medical,2.0,Male,83.0,3.0,1.0,Research Scientist,1.0,Single,2960.0,17102.0,2.0,No,11.0,3.0,3.0,0.0,8.0,2.0,3.0,4.0,2.0,1.0,3.0,2960.0,0.5,0.5,0.75,0.25,,,,,,,,,,,,,,,,,,,
hr_attrition,Logistic Regression,,,,,,,,,,,,,,,,,,,,,,,,,,,,,,,,,,,,,,,,,,,,,1.0,0.0,,,"class overlap, drift, or ambiguous label",True,,,,,,,,,,,,,,,,,,,,,,,,,35.0,Travel_Rarely,737.0,Sales,10.0,3.0,Medical,4.0,Male,55.0,2.0,3.0,Sales Executive,1.0,Married,10306.0,21530.0,9.0,No,17.0,3.0,3.0,0.0,15.0,3.0,3.0,13.0,12.0,6.0,0.0,3435.333333333333,0.8666666666666667,0.9230769230769232,0.0,0.4615384615384615,,,,,,,,,,,,,,,,,,,
hr_attrition,Logistic Regression,,,,,,,,,,,,,,,,,,,,,,,,,,,,,,,,,,,,,,,,,,,,,1.0,0.0,,,"class overlap, drift, or ambiguous label",True,,,,,,,,,,,,,,,,,,,,,,,,,33.0,Travel_Rarely,527.0,Research & Development,1.0,4.0,Other,4.0,Male,63.0,3.0,1.0,Research Scientist,4.0,Single,2686.0,5207.0,1.0,Yes,13.0,3.0,3.0,0.0,10.0,2.0,2.0,10.0,9.0,7.0,8.0,2686.0,1.0,0.9,0.8,0.7,,,,,,,,,,,,,,,,,,,
hr_attrition,Logistic Regression,,,,,,,,,,,,,,,,,,,,,,,,,,,,,,,,,,,,,,,,,,,,,1.0,0.0,,,"class overlap, drift, or ambiguous label",True,,,,,,,,,,,,,,,,,,,,,,,,,29.0,Travel_Rarely,806.0,Research & Development,7.0,3.0,Technical Degree,2.0,Female,39.0,3.0,1.0,Laboratory Technician,3.0,Divorced,3339.0,17285.0,3.0,Yes,13.0,3.0,1.0,2.0,10.0,2.0,3.0,7.0,7.0,7.0,7.0,3339.0,0.7,1.0,1.0,1.0,,,,,,,,,,,,,,,,,,,
hr_attrition,Logistic Regression,,,,,,,,,,,,,,,,,,,,,,,,,,,,,,,,,,,,,,,,,,,,,1.0,0.0,,,"class overlap, drift, or ambiguous label",True,,,,,,,,,,,,,,,,,,,,,,,,,55.0,Travel_Rarely,436.0,Sales,2.0,1.0,Medical,3.0,Male,37.0,3.0,2.0,Sales Executive,4.0,Single,5160.0,21519.0,4.0,No,16.0,3.0,3.0,0.0,12.0,3.0,2.0,9.0,7.0,7.0,3.0,2580.0,0.75,0.7777777777777778,0.3333333333333333,0.7777777777777778,,,,,,,,,,,,,,,,,,,
hr_attrition,Logistic Regression,,,,,,,,,,,,,,,,,,,,,,,,,,,,,,,,,,,,,,,,,,,,,0.0,1.0,,,"class overlap, drift, or ambiguous label",True,,,,,,,,,,,,,,,,,,,,,,,,,39.0,Travel_Rarely,412.0,Research & Development,13.0,4.0,Medical,3.0,Female,94.0,2.0,4.0,Manager,2.0,Divorced,17123.0,17334.0,6.0,Yes,13.0,3.0,4.0,2.0,21.0,4.0,3.0,19.0,9.0,15.0,2.0,4280.75,0.9047619047619048,0.4736842105263157,0.1052631578947368,0.7894736842105263,,,,,,,,,,,,,,,,,,,
hr_attrition,Logistic Regression,,,,,,,,,,,,,,,,,,,,,,,,,,,,,,,,,,,,,,,,,,,,,1.0,0.0,,,"class overlap, drift, or ambiguous label",True,,,,,,,,,,,,,,,,,,,,,,,,,39.0,Travel_Rarely,360.0,Research & Development,23.0,3.0,Medical,3.0,Male,93.0,3.0,1.0,Research Scientist,1.0,Single,3904.0,22154.0,0.0,No,13.0,3.0,1.0,0.0,6.0,2.0,3.0,5.0,2.0,0.0,3.0,3904.0,0.8333333333333334,0.4,0.6,0.0,,,,,,,,,,,,,,,,,,,
hr_attrition,Logistic Regression,,,,,,,,,,,,,,,,,,,,,,,,,,,,,,,,,,,,,,,,,,,,,0.0,1.0,,,"class overlap, drift, or ambiguous label",True,,,,,,,,,,,,,,,,,,,,,,,,,33.0,Travel_Rarely,1198.0,Research & Development,1.0,4.0,Other,3.0,Male,100.0,2.0,1.0,Research Scientist,1.0,Single,2799.0,3339.0,3.0,Yes,11.0,3.0,2.0,0.0,6.0,1.0,3.0,3.0,2.0,0.0,2.0,2799.0,0.5,0.6666666666666666,0.6666666666666666,0.0,,,,,,,,,,,,,,,,,,,
hr_attrition,Logistic Regression,,,,,,,,,,,,,,,,,,,,,,,,,,,,,,,,,,,,,,,,,,,,,1.0,0.0,,,"class overlap, drift, or ambiguous label",True,,,,,,,,,,,,,,,,,,,,,,,,,26.0,Travel_Frequently,575.0,Research & Development,3.0,1.0,Technical Degree,3.0,Male,73.0,3.0,1.0,Research Scientist,1.0,Single,3102.0,6582.0,0.0,No,22.0,4.0,3.0,0.0,7.0,2.0,3.0,6.0,4.0,0.0,4.0,3102.0,0.8571428571428571,0.6666666666666666,0.6666666666666666,0.0,,,,,,,,,,,,,,,,,,,
hr_attrition,Logistic Regression,,,,,,,,,,,,,,,,,,,,,,,,,,,,,,,,,,,,,,,,,,,,,1.0,0.0,,,"class overlap, drift, or ambiguous label",True,,,,,,,,,,,,,,,,,,,,,,,,,30.0,Travel_Frequently,600.0,Human Resources,8.0,3.0,Human Resources,3.0,Female,66.0,2.0,1.0,Human Resources,4.0,Divorced,2180.0,9732.0,6.0,No,11.0,3.0,3.0,1.0,6.0,0.0,2.0,4.0,2.0,1.0,2.0,2180.0,0.6666666666666666,0.5,0.5,0.25,,,,,,,,,,,,,,,,,,,
retail_segment,Logistic Regression,,,,,,,,,,,,,,,,,,,,,,,,,,,,,,,,,,,,,,,,,,,,,2.0,1.0,,,"class overlap, drift, or ambiguous label",True,Future_Low,Future_Inactive,,,,,,,,,,,,,,,,,,,,,,,,,,,,,,,,,,,,,,,,,,,,,,,,,,,,,,,,,,133.0,0.0,2.0,70.0,232.9,3.17,United Kingdom,0.0,0.0,1.0,232.9,232.9,70.0,2.0,0.0,0.0,0.0,232.9,233.9
retail_segment,Logistic Regression,,,,,,,,,,,,,,,,,,,,,,,,,,,,,,,,,,,,,,,,,,,,,3.0,1.0,,,"class overlap, drift, or ambiguous label",True,Future_Mid,Future_Inactive,,,,,,,,,,,,,,,,,,,,,,,,,,,,,,,,,,,,,,,,,,,,,,,,,,,,,,,,,,161.0,0.0,12.0,87.0,216.95,4.941666666666666,United Kingdom,0.0,0.0,1.0,216.95,216.95,87.0,12.0,0.0,0.0,216.95,0.0,0.004588208304657
retail_segment,Logistic Regression,,,,,,,,,,,,,,,,,,,,,,,,,,,,,,,,,,,,,,,,,,,,,2.0,1.0,,,"class overlap, drift, or ambiguous label",True,Future_Low,Future_Inactive,,,,,,,,,,,,,,,,,,,,,,,,,,,,,,,,,,,,,,,,,,,,,,,,,,,,,,,,,,187.0,0.0,4.0,28.0,74.60000000000001,2.95,United Kingdom,0.0,0.0,1.0,74.60000000000001,74.60000000000001,28.0,4.0,0.0,0.0,74.60000000000001,0.0,0.0132275132275132
retail_segment,Logistic Regression,,,,,,,,,,,,,,,,,,,,,,,,,,,,,,,,,,,,,,,,,,,,,2.0,1.0,,,"class overlap, drift, or ambiguous label",True,Future_Low,Future_Inactive,,,,,,,,,,,,,,,,,,,,,,,,,,,,,,,,,,,,,,,,,,,,,,,,,,,,,,,,,,211.0,0.0,13.0,35.0,105.85,3.942307692307693,United Kingdom,0.0,0.0,1.0,105.85,105.85,35.0,13.0,0.0,0.0,105.85,0.0,0.0093589143659335
retail_segment,Logistic Regression,,,,,,,,,,,,,,,,,,,,,,,,,,,,,,,,,,,,,,,,,,,,,0.0,1.0,,,"class overlap, drift, or ambiguous label",True,Future_High,Future_Inactive,,,,,,,,,,,,,,,,,,,,,,,,,,,,,,,,,,,,,,,,,,,,,,,,,,,,,,,,,,70.0,37.0,30.0,494.0,976.8,3.690810810810811,France,0.0,0.0,2.0,488.4,586.74,247.0,18.5,1.0,0.0297973778307508,0.0,976.8,977.8
retail_segment,Logistic Regression,,,,,,,,,,,,,,,,,,,,,,,,,,,,,,,,,,,,,,,,,,,,,3.0,0.0,,,"class overlap, drift, or ambiguous label",True,Future_Mid,Future_High,,,,,,,,,,,,,,,,,,,,,,,,,,,,,,,,,,,,,,,,,,,,,,,,,,,,,,,,,,13.0,157.0,97.0,5909.0,10795.48,3.3575833333333334,United Kingdom,0.0,0.0,12.0,899.6233333333333,3840.88,492.4166666666667,10.0,11.0,0.0146971982866807,4367.88,6427.6,1.471452637746974
retail_segment,Logistic Regression,,,,,,,,,,,,,,,,,,,,,,,,,,,,,,,,,,,,,,,,,,,,,2.0,1.0,,,"class overlap, drift, or ambiguous label",True,Future_Low,Future_Inactive,,,,,,,,,,,,,,,,,,,,,,,,,,,,,,,,,,,,,,,,,,,,,,,,,,,,,,,,,,261.0,0.0,7.0,39.0,92.14,4.577142857142857,United Kingdom,0.0,0.0,1.0,92.14,92.14,39.0,7.0,0.0,0.0,92.14,0.0,0.0107365256602963
retail_segment,Logistic Regression,,,,,,,,,,,,,,,,,,,,,,,,,,,,,,,,,,,,,,,,,,,,,0.0,3.0,,,"class overlap, drift, or ambiguous label",True,Future_High,Future_Mid,,,,,,,,,,,,,,,,,,,,,,,,,,,,,,,,,,,,,,,,,,,,,,,,,,,,,,,,,,84.0,0.0,55.0,621.0,878.55,2.5163636363636366,United Kingdom,0.0,0.0,1.0,878.55,878.55,621.0,55.0,7.0,0.036571992543042,0.0,878.55,879.55
retail_segment,Logistic Regression,,,,,,,,,,,,,,,,,,,,,,,,,,,,,,,,,,,,,,,,,,,,,2.0,1.0,,,"class overlap, drift, or ambiguous label",True,Future_Low,Future_Inactive,,,,,,,,,,,,,,,,,,,,,,,,,,,,,,,,,,,,,,,,,,,,,,,,,,,,,,,,,,64.0,0.0,3.0,656.0,1382.88,3.02,United Kingdom,0.0,0.0,1.0,1382.88,1382.88,656.0,3.0,0.0,0.0,0.0,1382.88,1383.88
retail_segment,Logistic Regression,,,,,,,,,,,,,,,,,,,,,,,,,,,,,,,,,,,,,,,,,,,,,3.0,1.0,,,"class overlap, drift, or ambiguous label",True,Future_Mid,Future_Inactive,,,,,,,,,,,,,,,,,,,,,,,,,,,,,,,,,,,,,,,,,,,,,,,,,,,,,,,,,,27.0,113.0,27.0,390.0,614.86,2.266111111111111,United Kingdom,0.0,0.0,4.0,153.715,203.78,97.5,9.0,0.0,0.0,110.1,504.76,4.552295229522953
retail_spending,Decision Tree,,,,,,,,,,,,,,,,,,,,,,,,,,,,,,,,,,,,,,,,,,,,,57100.67,6.916974664463373,57093.753025335536,0.9998788635113307,extreme right-tail target / extrapolation limit,,,,,,,,,,,,,,,,,,,,,,,,,,,,,,,,,,,,,,,,,,,,,,,,,,,,,,,,,,,,,1.0,0.0,6.0,7.0,21.84,3.435,United Kingdom,0.0,0.0,1.0,21.84,21.84,7.0,6.0,1.0,0.068259385665529,0.0,21.84,22.84
retail_spending,Decision Tree,,,,,,,,,,,,,,,,,,,,,,,,,,,,,,,,,,,,,,,,,,,,,25331.64,9345.98979338111,15985.65020661889,0.6310546891799698,extreme right-tail target / extrapolation limit,,,,,,,,,,,,,,,,,,,,,,,,,,,,,,,,,,,,,,,,,,,,,,,,,,,,,,,,,,,,,13.0,223.0,377.0,63865.0,99146.16,2.972301184433164,Australia,0.0,0.0,13.0,7626.627692307693,22775.93,4912.692307692308,45.46153846153846,60.0,0.0075311433573934,38192.74,60953.42,1.5959269765149997
retail_spending,Decision Tree,,,,,,,,,,,,,,,,,,,,,,,,,,,,,,,,,,,,,,,,,,,,,22920.9,9345.98979338111,13574.910206618892,0.5922503133218543,extreme right-tail target / extrapolation limit,,,,,,,,,,,,,,,,,,,,,,,,,,,,,,,,,,,,,,,,,,,,,,,,,,,,,,,,,,,,,21.0,209.0,37.0,1888.0,8912.78,6.2523333333333335,United Kingdom,0.05,0.0,24.0,371.3658333333333,2945.5,78.66666666666667,5.0,11.0,0.0564872469665628,4023.46,4889.32,1.2151493616534887
retail_spending,Decision Tree,,,,,,,,,,,,,,,,,,,,,,,,,,,,,,,,,,,,,,,,,,,,,18004.71,9345.98979338111,8658.72020661889,0.48091417227041644,feature collision or unobserved explanatory variable,,,,,,,,,,,,,,,,,,,,,,,,,,,,,,,,,,,,,,,,,,,,,,,,,,,,,,,,,,,,,3.0,269.0,1028.0,12018.0,22216.4,2.570979591836734,United Kingdom,0.1270108043217287,0.0189675870348139,78.0,284.82564102564106,816.3,154.07692307692307,52.46153846153846,81.0,0.0155996465864307,7739.1,14477.3,1.8705572279427916
retail_spending,Decision Tree,,,,,,,,,,,,,,,,,,,,,,,,,,,,,,,,,,,,,,,,,,,,,4557.74,9345.98979338111,4788.24979338111,1.050575459192738,feature collision or unobserved explanatory variable,,,,,,,,,,,,,,,,,,,,,,,,,,,,,,,,,,,,,,,,,,,,,,,,,,,,,,,,,,,,,9.0,259.0,97.0,5724.0,10869.28,2.9090000000000003,United Kingdom,0.0473684210526315,0.0,22.0,494.0581818181818,840.38,260.1818181818182,8.636363636363637,4.0,0.0063299239750898,4924.62,5944.66,1.2070886507688372
retail_spending,Decision Tree,,,,,,,,,,,,,,,,,,,,,,,,,,,,,,,,,,,,,,,,,,,,,5743.85,9345.98979338111,3602.1397933811095,0.6271298507762405,feature collision or unobserved explanatory variable,,,,,,,,,,,,,,,,,,,,,,,,,,,,,,,,,,,,,,,,,,,,,,,,,,,,,,,,,,,,,6.0,267.0,145.0,3717.0,8928.87,4.257311320754717,United Kingdom,0.0,0.0,15.0,595.258,1726.6,247.8,14.133333333333333,1.0,0.0168077775612205,4518.76,4410.11,0.97596111297945
retail_spending,Decision Tree,,,,,,,,,,,,,,,,,,,,,,,,,,,,,,,,,,,,,,,,,,,,,6243.83,9345.98979338111,3102.15979338111,0.4968360434831041,feature collision or unobserved explanatory variable,,,,,,,,,,,,,,,,,,,,,,,,,,,,,,,,,,,,,,,,,,,,,,,,,,,,,,,,,,,,,26.0,245.0,101.0,3588.0,9627.03,4.531091954022989,United Kingdom,0.0,0.057471264367816,13.0,740.5407692307692,1714.25,276.0,13.384615384615383,7.0,0.1137983568453271,5696.59,3930.44,0.6900180602675868
retail_spending,Decision Tree,,,,,,,,,,,,,,,,,,,,,,,,,,,,,,,,,,,,,,,,,,,,,3746.38,1023.6866492922913,2722.6933507077088,0.7267531191997898,feature collision or unobserved explanatory variable,,,,,,,,,,,,,,,,,,,,,,,,,,,,,,,,,,,,,,,,,,,,,,,,,,,,,,,,,,,,,13.0,255.0,265.0,3103.0,5428.66,3.1742708333333334,United Kingdom,0.0859375,0.0,17.0,319.33294117647057,686.15,182.52941176470588,22.41176470588235,3.0,0.0018386882062861,3119.92,2308.74,0.7400830524332569
retail_spending,Decision Tree,,,,,,,,,,,,,,,,,,,,,,,,,,,,,,,,,,,,,,,,,,,,,3013.6600000000003,515.605036806384,2498.0549631936165,0.8289106810966121,feature collision or unobserved explanatory variable,,,,,,,,,,,,,,,,,,,,,,,,,,,,,,,,,,,,,,,,,,,,,,,,,,,,,,,,,,,,,44.0,228.0,95.0,739.0,1590.71,3.321197183098592,United Kingdom,0.0,0.0,4.0,397.6775,556.58,184.75,35.0,3.0,0.0137333680542638,725.08,865.63,1.1935737108858526
retail_spending,Decision Tree,,,,,,,,,,,,,,,,,,,,,,,,,,,,,,,,,,,,,,,,,,,,,2545.73,66.48150060947364,2479.2484993905264,0.9738850936236468,feature collision or unobserved explanatory variable,,,,,,,,,,,,,,,,,,,,,,,,,,,,,,,,,,,,,,,,,,,,,,,,,,,,,,,,,,,,,142.0,0.0,141.0,1998.0,2050.08,1.5157446808510635,United Kingdom,0.0,0.0,1.0,2050.08,2050.08,1998.0,141.0,0.0,0.0,2050.08,0.0,0.0004875480234803
