task,dataset,task_type,model,train_rows,test_rows,feature_dimension,mae,rmse,r2,prediction_clipped_fraction,fit_seconds,predict_seconds,peak_python_memory_mb,accuracy,balanced_accuracy,macro_f1,kernel,gamma,alignment,effective_rank,off_diagonal_mean,off_diagonal_std
airbnb_price,Airbnb,regression,KRR [linear],700,300,97,291.96706769636864,2934.79439608496,-0.005048256576068333,0.0,0.020280700002331287,0.000901399995200336,11.22122573852539,,,,linear,0.010056611869202352,0.08036752377587779,5.927258188226021,18.471818361068532,46.22995138190999
airbnb_price,Airbnb,regression,KRR [poly],700,300,97,292.4662986749927,2934.5288716570553,-0.0048664020710642575,0.0,0.022312600020086393,0.0019557000196073204,11.22122573852539,,,,poly,0.010056611869202352,0.04202045418767688,6.506035461607646,1.6221835622613903,2.3653634587348074
airbnb_price,Airbnb,regression,KRR [rbf],700,300,97,293.9792787498264,2936.1111207565527,-0.005950308664830484,0.0,0.025281700014602393,0.003400999994482845,11.221248626708984,,,,rbf,0.010056611869202352,0.14061486164853423,4.611154028814064,0.35510372233100074,0.29621463887740773
airbnb_price,Airbnb,regression,Kernel KNN [poly],700,300,97,299.2310231670551,2935.689738880296,-0.0056615874322900606,0.0,0.013292300020111725,0.005568599997786805,11.215484619140625,,,,poly,0.010056611869202352,0.04202045418767688,6.506035461607646,1.6221835622613903,2.3653634587348074
airbnb_price,Airbnb,regression,Kernel KNN [rbf],700,300,97,299.722382885962,2937.1960357300677,-0.00669385830744984,0.0,0.015786100004334003,0.007508399983635172,11.215694427490234,,,,rbf,0.010056611869202352,0.14061486164853423,4.611154028814064,0.35510372233100074,0.29621463887740773
airbnb_superhost,Airbnb,classification,Kernel SVM [linear],800,300,98,,,,,0.07617789998766966,0.0008343000081367791,14.648818969726562,0.6433333333333333,0.6423778851315083,0.6418969421791854,linear,0.006716083882302142,0.05155865844233058,6.074501541177347,20.81284864210227,54.95653304001719
airbnb_superhost,Airbnb,classification,Kernel SVM [poly],800,300,98,,,,,0.08061539998743683,0.00230690001626499,14.648818969726562,0.74,0.729200214707461,0.7299044277205781,poly,0.006716083882302142,0.04415834421510608,6.831964676363129,1.435329767793398,1.6065150676019313
airbnb_superhost,Airbnb,classification,Kernel SVM [rbf],800,300,98,,,,,0.08639149999362417,0.004275599989341572,14.64898681640625,0.6966666666666667,0.6804884594739667,0.6752744703881244,rbf,0.006716083882302142,0.08620115753089451,4.144360299688741,0.38528315544376185,0.2998654313506697
airbnb_superhost,Airbnb,classification,Kernel KNN [poly],800,300,98,,,,,0.01806690002558753,0.006091100018238649,14.648818969726562,0.7233333333333334,0.7084004294149222,0.7059205631207851,poly,0.006716083882302142,0.04415834421510608,6.831964676363129,1.435329767793398,1.6065150676019313
airbnb_superhost,Airbnb,classification,Kernel KNN [rbf],800,300,98,,,,,0.02130399999441579,0.008699700003489852,14.649051666259766,0.72,0.7053140096618358,0.7028862478777589,rbf,0.006716083882302142,0.08620115753089451,4.144360299688741,0.38528315544376185,0.2998654313506697
airbnb_superhost,Airbnb,classification,KPCA [rbf] + Logistic,800,300,98,,,,,0.18786089998320676,0.00610269999015145,14.981447219848633,0.6933333333333334,0.6784755770263017,0.6745897000565931,rbf,0.006716083882302142,0.08620115753089451,4.144360299688741,0.38528315544376185,0.2998654313506697
nyc_complaint,NYC 311,classification,Kernel SVM [linear],420,260,81,,,,,0.05945500000962056,0.0004515000036917627,4.038002014160156,0.5192307692307693,0.3294664547829105,0.2738067693256208,linear,0.05292645458986056,0.18500704358001874,11.842932428888899,2.1491424909923946,2.4861109110465964
nyc_complaint,NYC 311,classification,Kernel SVM [poly],420,260,81,,,,,0.060551000002305955,0.00066970000625588,4.038002014160156,0.31153846153846154,0.15781999796466342,0.08883082723942419,poly,0.05292645458986056,0.19130114180692284,4.018446045962054,1.2577448185571816,0.3025501970453134
nyc_complaint,NYC 311,classification,Kernel SVM [rbf],420,260,81,,,,,0.06221870001172647,0.0012344999995548278,4.038211822509766,0.5230769230769231,0.17898035508795002,0.11954922169408226,rbf,0.05292645458986056,0.2087565871323722,6.0502835604391905,0.3856996971710273,0.11530135222652534
nyc_complaint,NYC 311,classification,Kernel KNN [poly],420,260,81,,,,,0.004637600010028109,0.0025224999990314245,5.195308685302734,0.4807692307692308,0.21885578205198458,0.19154292084065266,poly,0.05292645458986056,0.19130114180692284,4.018446045962054,1.2577448185571816,0.3025501970453134
nyc_complaint,NYC 311,classification,Kernel KNN [rbf],420,260,81,,,,,0.005798700003651902,0.003414800012251362,5.195331573486328,0.49230769230769234,0.2210218824775787,0.19561821537016272,rbf,0.05292645458986056,0.2087565871323722,6.0502835604391905,0.3856996971710273,0.11530135222652534
nyc_complaint,NYC 311,classification,KPCA [rbf] + Logistic,420,260,81,,,,,0.14954990000114776,0.0020013999892398715,4.2069597244262695,0.49230769230769234,0.14432822803075968,0.10914162626498318,rbf,0.05292645458986056,0.2087565871323722,6.0502835604391905,0.3856996971710273,0.11530135222652534
nyc_resolution,NYC 311,regression,KRR [linear],650,300,87,63.4848001420063,169.6745374991746,0.06793305428473739,0.0,0.017461400013417006,0.0008111999777611345,9.675891876220703,,,,linear,0.04679280435978762,0.1345553966591911,11.883427478260515,2.4658235842202334,3.061580245236887
nyc_resolution,NYC 311,regression,KRR [poly],650,300,87,62.158465375733115,169.47591075674387,0.07011399506895943,0.0,0.01922849999391474,0.00175269998726435,9.675891876220703,,,,poly,0.04679280435978762,0.042317574211079616,4.779793583409199,1.26460219802903,0.3374502015208201
nyc_resolution,NYC 311,regression,KRR [rbf],650,300,87,60.90393443926479,169.8472040530083,0.06603508329634988,0.0,0.02194279999821447,0.0030838000238873065,9.675914764404297,,,,rbf,0.04679280435978762,0.1547937437512485,6.149705822101937,0.3790860125940005,0.12517999430786392
nyc_resolution,NYC 311,regression,Kernel KNN [poly],650,300,87,65.31139806060379,170.4373230755701,0.05953385263443067,0.0,0.011707800003932789,0.004858600004808977,9.861934661865234,,,,poly,0.04679280435978762,0.042317574211079616,4.779793583409199,1.26460219802903,0.3374502015208201
nyc_resolution,NYC 311,regression,Kernel KNN [rbf],650,300,87,64.20383688728704,169.62708912391363,0.0684542742536921,0.0,0.013991699990583584,0.007300099998246878,9.861957550048828,,,,rbf,0.04679280435978762,0.1547937437512485,6.149705822101937,0.3790860125940005,0.12517999430786392
hr_attrition,IBM HR,classification,Kernel SVM [linear],1103,367,63,,,,,0.12474710002425127,0.0014939000247977674,23.369422912597656,0.779291553133515,0.7040777019590578,0.6623198118887235,linear,0.026429886439760377,0.05692873895931959,11.973318800172608,4.16552960485842,5.47446223622092
hr_attrition,IBM HR,classification,Kernel SVM [poly],1103,367,63,,,,,0.13464619999285787,0.003629299986641854,23.369422912597656,0.8474114441416893,0.5254237288135594,0.5067204301075269,poly,0.026429886439760377,0.05536619742373509,4.489788032987105,1.2532447690103887,0.3569705250380933
hr_attrition,IBM HR,classification,Kernel SVM [rbf],1103,367,63,,,,,0.13739439999335445,0.006034000020008534,27.846698760986328,0.8392370572207084,0.5,0.4562962962962963,rbf,0.026429886439760377,0.07069954029687904,6.478309272042711,0.3679871431896557,0.12522663778664458
hr_attrition,IBM HR,classification,Kernel KNN [poly],1103,367,63,,,,,0.02975799998966977,0.010035599989350885,23.369422912597656,0.8419618528610354,0.5084745762711864,0.47363996043521267,poly,0.026429886439760377,0.05536619742373509,4.489788032987105,1.2532447690103887,0.3569705250380933
hr_attrition,IBM HR,classification,Kernel KNN [rbf],1103,367,63,,,,,0.03449640001053922,0.01417749997926876,27.846698760986328,0.8392370572207084,0.5068511996478098,0.4725598616422673,rbf,0.026429886439760377,0.07069954029687904,6.478309272042711,0.3679871431896557,0.12522663778664458
hr_attrition,IBM HR,classification,KPCA [rbf] + Logistic,1103,367,63,,,,,0.25750950002111495,0.008930700016207993,28.286526679992676,0.8392370572207084,0.5,0.4562962962962963,rbf,0.026429886439760377,0.07069954029687904,6.478309272042711,0.3679871431896557,0.12522663778664458
retail_segment,Online Retail,classification,Kernel SVM [linear],800,300,26,,,,,0.08241640002233908,0.0007138999935705215,14.648834228515625,0.4166666666666667,0.3734198544522162,0.33886345616514824,linear,0.022861203755986447,0.12871460158160464,3.359927152216901,9.784087594134718,43.98505747845371
retail_segment,Online Retail,classification,Kernel SVM [poly],800,300,26,,,,,0.0862355999997817,0.0020964999857824296,14.648834228515625,0.49,0.41628410097848834,0.39895205525884375,poly,0.022861203755986447,0.0452416311218854,2.4967160178410146,2.508516542138887,22.86518380905764
retail_segment,Online Retail,classification,Kernel SVM [rbf],800,300,26,,,,,0.09127089998219162,0.0035924999974668026,14.649066925048828,0.55,0.4446689824852472,0.40837500179090797,rbf,0.022861203755986447,0.14315714085137968,4.06665117825451,0.37944529646269776,0.3146621518732197
retail_segment,Online Retail,classification,Kernel KNN [poly],800,300,26,,,,,0.01681149998330511,0.006150000001071021,14.648834228515625,0.5166666666666667,0.4407863728059425,0.4356461650614957,poly,0.022861203755986447,0.0452416311218854,2.4967160178410146,2.508516542138887,22.86518380905764
retail_segment,Online Retail,classification,Kernel KNN [rbf],800,300,26,,,,,0.01971560000674799,0.007919399999082088,14.649066925048828,0.49,0.4178477498538866,0.4146683070152229,rbf,0.022861203755986447,0.14315714085137968,4.06665117825451,0.37944529646269776,0.3146621518732197
retail_segment,Online Retail,classification,KPCA [rbf] + Logistic,800,300,26,,,,,0.1994622000202071,0.0058117000153288245,14.968621253967285,0.5233333333333333,0.41033233724854357,0.3583328925520407,rbf,0.022861203755986447,0.14315714085137968,4.06665117825451,0.37944529646269776,0.3146621518732197
retail_spending,Online Retail,regression,KRR [linear],700,300,25,856.7370140722674,4171.1731459216135,-0.07940682441431535,0.006666666666666667,0.020312100008595735,0.0005611999949906021,11.22122573852539,,,,linear,0.011366808604388384,0.13072483648361044,3.2594291471362187,18.136539829457934,74.40469554267565
retail_spending,Online Retail,regression,KRR [poly],700,300,25,866.845941183151,4276.1993816841905,-0.13444805955094985,0.006666666666666667,0.022481099993456155,0.0016875000146683306,11.22122573852539,,,,poly,0.011366808604388384,0.06353869748231254,2.309446446095312,2.1700916646418418,14.027481819064178
retail_spending,Online Retail,regression,KRR [rbf],700,300,25,834.7444214597467,4077.5092022622625,-0.03147480320045859,0.0,0.024957199988421053,0.003548999986378476,11.221248626708984,,,,rbf,0.011366808604388384,0.10410185921589385,3.6394521570143774,0.39795096143876024,0.3370482640242688
retail_spending,Online Retail,regression,Kernel KNN [poly],700,300,25,756.0759957004539,3798.334772407815,0.10493370695430804,0.0,0.013056600000709295,0.00577969997539185,11.215484619140625,,,,poly,0.011366808604388384,0.06353869748231254,2.309446446095312,2.1700916646418418,14.027481819064178
retail_spending,Online Retail,regression,Kernel KNN [rbf],700,300,25,760.475898859964,3813.306208576379,0.09786385234731776,0.0,0.015740100003313273,0.0074235999782104045,11.215694427490234,,,,rbf,0.011366808604388384,0.10410185921589385,3.6394521570143774,0.39795096143876024,0.3370482640242688
