task,kernel,gamma,alignment,effective_rank,off_diagonal_mean,off_diagonal_std
airbnb_price,linear,0.010056611869202352,0.08036752377587779,5.927258188226021,18.471818361068532,46.22995138190999
airbnb_price,poly,0.010056611869202352,0.04202045418767688,6.506035461607646,1.6221835622613903,2.3653634587348074
airbnb_price,rbf,0.010056611869202352,0.14061486164853423,4.611154028814064,0.35510372233100074,0.29621463887740773
airbnb_superhost,linear,0.006716083882302142,0.05155865844233058,6.074501541177347,20.81284864210227,54.95653304001719
airbnb_superhost,poly,0.006716083882302142,0.04415834421510608,6.831964676363129,1.435329767793398,1.6065150676019313
airbnb_superhost,rbf,0.006716083882302142,0.08620115753089451,4.144360299688741,0.38528315544376185,0.2998654313506697
nyc_complaint,linear,0.05292645458986056,0.18500704358001874,11.842932428888899,2.1491424909923946,2.4861109110465964
nyc_complaint,poly,0.05292645458986056,0.19130114180692284,4.018446045962054,1.2577448185571816,0.3025501970453134
nyc_complaint,rbf,0.05292645458986056,0.2087565871323722,6.0502835604391905,0.3856996971710273,0.11530135222652534
nyc_resolution,linear,0.04679280435978762,0.1345553966591911,11.883427478260515,2.4658235842202334,3.061580245236887
nyc_resolution,poly,0.04679280435978762,0.042317574211079616,4.779793583409199,1.26460219802903,0.3374502015208201
nyc_resolution,rbf,0.04679280435978762,0.1547937437512485,6.149705822101937,0.3790860125940005,0.12517999430786392
hr_attrition,linear,0.026429886439760377,0.05692873895931959,11.973318800172608,4.16552960485842,5.47446223622092
hr_attrition,poly,0.026429886439760377,0.05536619742373509,4.489788032987105,1.2532447690103887,0.3569705250380933
hr_attrition,rbf,0.026429886439760377,0.07069954029687904,6.478309272042711,0.3679871431896557,0.12522663778664458
retail_segment,linear,0.022861203755986447,0.12871460158160464,3.359927152216901,9.784087594134718,43.98505747845371
retail_segment,poly,0.022861203755986447,0.0452416311218854,2.4967160178410146,2.508516542138887,22.86518380905764
retail_segment,rbf,0.022861203755986447,0.14315714085137968,4.06665117825451,0.37944529646269776,0.3146621518732197
retail_spending,linear,0.011366808604388384,0.13072483648361044,3.2594291471362187,18.136539829457934,74.40469554267565
retail_spending,poly,0.011366808604388384,0.06353869748231254,2.309446446095312,2.1700916646418418,14.027481819064178
retail_spending,rbf,0.011366808604388384,0.10410185921589385,3.6394521570143774,0.39795096143876024,0.3370482640242688
