task,dataset,task_type,model,train_rows,test_rows,feature_dimension,mae,rmse,r2,prediction_clipped_fraction,fit_seconds,predict_seconds,peak_python_memory_mb,accuracy,balanced_accuracy,macro_f1
airbnb_price,Airbnb,regression,Linear Regression,700,300,97,293.96820755590744,2936.5023591951217,-0.006218413401555267,0.0,0.000598999991780147,2.3500004317611456e-05,0.7436065673828125,,,
airbnb_price,Airbnb,regression,KNN,700,300,97,299.604038408272,2937.2803074245608,-0.006751625656488791,0.0,4.299974534660578e-06,0.0065670000039972365,3.2909927368164062,,,
airbnb_price,Airbnb,regression,Decision Tree,700,300,97,303.0270206695897,2936.403250550135,-0.006150493646399191,0.0,0.6096453000209294,0.001702100009424612,0.0803985595703125,,,
airbnb_price,Airbnb,regression,KRR [linear],700,300,97,291.96706769636864,2934.79439608496,-0.005048256576068333,0.0,0.020280700002331287,0.000901399995200336,11.22122573852539,,,
airbnb_price,Airbnb,regression,KRR [poly],700,300,97,292.4662986749927,2934.5288716570553,-0.0048664020710642575,0.0,0.022312600020086393,0.0019557000196073204,11.22122573852539,,,
airbnb_price,Airbnb,regression,KRR [rbf],700,300,97,293.9792787498264,2936.1111207565527,-0.005950308664830484,0.0,0.025281700014602393,0.003400999994482845,11.221248626708984,,,
airbnb_price,Airbnb,regression,Kernel KNN [poly],700,300,97,299.2310231670551,2935.689738880296,-0.0056615874322900606,0.0,0.013292300020111725,0.005568599997786805,11.215484619140625,,,
airbnb_price,Airbnb,regression,Kernel KNN [rbf],700,300,97,299.722382885962,2937.1960357300677,-0.00669385830744984,0.0,0.015786100004334003,0.007508399983635172,11.215694427490234,,,
airbnb_superhost,Airbnb,classification,Logistic Regression,800,300,98,,,,,0.17625769998994656,0.0003065000055357814,1.30206298828125,0.77,0.761808910359635,0.7636959326019703
airbnb_superhost,Airbnb,classification,KNN,800,300,98,,,,,3.130000550299883e-05,0.007819299993570894,3.7722511291503906,0.72,0.7053140096618358,0.7028862478777589
airbnb_superhost,Airbnb,classification,Decision Tree,800,300,98,,,,,0.8014250999840442,0.0009290000016335398,0.09994792938232422,0.73,0.7285292538915727,0.7284036168143868
airbnb_superhost,Airbnb,classification,Kernel SVM [linear],800,300,98,,,,,0.07617789998766966,0.0008343000081367791,14.648818969726562,0.6433333333333333,0.6423778851315083,0.6418969421791854
airbnb_superhost,Airbnb,classification,Kernel SVM [poly],800,300,98,,,,,0.08061539998743683,0.00230690001626499,14.648818969726562,0.74,0.729200214707461,0.7299044277205781
airbnb_superhost,Airbnb,classification,Kernel SVM [rbf],800,300,98,,,,,0.08639149999362417,0.004275599989341572,14.64898681640625,0.6966666666666667,0.6804884594739667,0.6752744703881244
airbnb_superhost,Airbnb,classification,Kernel KNN [poly],800,300,98,,,,,0.01806690002558753,0.006091100018238649,14.648818969726562,0.7233333333333334,0.7084004294149222,0.7059205631207851
airbnb_superhost,Airbnb,classification,Kernel KNN [rbf],800,300,98,,,,,0.02130399999441579,0.008699700003489852,14.649051666259766,0.72,0.7053140096618358,0.7028862478777589
airbnb_superhost,Airbnb,classification,KPCA [rbf] + Logistic,800,300,98,,,,,0.18786089998320676,0.00610269999015145,14.981447219848633,0.6933333333333334,0.6784755770263017,0.6745897000565931
nyc_complaint,NYC 311,classification,Logistic Regression,420,260,81,,,,,0.22245780000230297,0.0004211000050418079,1.014974594116211,0.5615384615384615,0.2320026668127934,0.20415135157123038
nyc_complaint,NYC 311,classification,KNN,420,260,81,,,,,3.130000550299883e-05,0.0031768000044394284,1.8103103637695312,0.49230769230769234,0.2210218824775787,0.1971587683655544
nyc_complaint,NYC 311,classification,Decision Tree,420,260,81,,,,,0.3722554999985732,0.0006855999818071723,0.05351734161376953,0.55,0.28303765503132594,0.22535036353521928
nyc_complaint,NYC 311,classification,Kernel SVM [linear],420,260,81,,,,,0.05945500000962056,0.0004515000036917627,4.038002014160156,0.5192307692307693,0.3294664547829105,0.2738067693256208
nyc_complaint,NYC 311,classification,Kernel SVM [poly],420,260,81,,,,,0.060551000002305955,0.00066970000625588,4.038002014160156,0.31153846153846154,0.15781999796466342,0.08883082723942419
nyc_complaint,NYC 311,classification,Kernel SVM [rbf],420,260,81,,,,,0.06221870001172647,0.0012344999995548278,4.038211822509766,0.5230769230769231,0.17898035508795002,0.11954922169408226
nyc_complaint,NYC 311,classification,Kernel KNN [poly],420,260,81,,,,,0.004637600010028109,0.0025224999990314245,5.195308685302734,0.4807692307692308,0.21885578205198458,0.19154292084065266
nyc_complaint,NYC 311,classification,Kernel KNN [rbf],420,260,81,,,,,0.005798700003651902,0.003414800012251362,5.195331573486328,0.49230769230769234,0.2210218824775787,0.19561821537016272
nyc_complaint,NYC 311,classification,KPCA [rbf] + Logistic,420,260,81,,,,,0.14954990000114776,0.0020013999892398715,4.2069597244262695,0.49230769230769234,0.14432822803075968,0.10914162626498318
nyc_resolution,NYC 311,regression,Linear Regression,650,300,87,65.64629310099619,171.00621063458712,0.05324517855538169,0.023333333333333334,0.0003369000041857362,1.8399994587525725e-05,0.614013671875,,,
nyc_resolution,NYC 311,regression,KNN,650,300,87,64.23940863317327,169.7065437220598,0.06758138388689061,0.0,2.3999891709536314e-06,0.00575170002412051,3.0619049072265625,,,
nyc_resolution,NYC 311,regression,Decision Tree,650,300,87,77.06299625672891,181.15701837952184,-0.062488129848716545,0.0,0.3148667000059504,0.0009086999925784767,0.07469654083251953,,,
nyc_resolution,NYC 311,regression,KRR [linear],650,300,87,63.4848001420063,169.6745374991746,0.06793305428473739,0.0,0.017461400013417006,0.0008111999777611345,9.675891876220703,,,
nyc_resolution,NYC 311,regression,KRR [poly],650,300,87,62.158465375733115,169.47591075674387,0.07011399506895943,0.0,0.01922849999391474,0.00175269998726435,9.675891876220703,,,
nyc_resolution,NYC 311,regression,KRR [rbf],650,300,87,60.90393443926479,169.8472040530083,0.06603508329634988,0.0,0.02194279999821447,0.0030838000238873065,9.675914764404297,,,
nyc_resolution,NYC 311,regression,Kernel KNN [poly],650,300,87,65.31139806060379,170.4373230755701,0.05953385263443067,0.0,0.011707800003932789,0.004858600004808977,9.861934661865234,,,
nyc_resolution,NYC 311,regression,Kernel KNN [rbf],650,300,87,64.20383688728704,169.62708912391363,0.0684542742536921,0.0,0.013991699990583584,0.007300099998246878,9.861957550048828,,,
hr_attrition,IBM HR,classification,Logistic Regression,1103,367,63,,,,,0.17875660001300275,0.000305499997921288,1.195943832397461,0.8664850136239782,0.6464065595421528,0.6805237257723534
hr_attrition,IBM HR,classification,KNN,1103,367,63,,,,,2.3800006601959467e-05,0.009140400012256578,6.311003684997559,0.8392370572207084,0.5068511996478098,0.4725598616422673
hr_attrition,IBM HR,classification,Decision Tree,1103,367,63,,,,,1.023826899996493,0.0011317000025883317,0.13552379608154297,0.8201634877384196,0.5571483601144618,0.5653531438415158
hr_attrition,IBM HR,classification,Kernel SVM [linear],1103,367,63,,,,,0.12474710002425127,0.0014939000247977674,23.369422912597656,0.779291553133515,0.7040777019590578,0.6623198118887235
hr_attrition,IBM HR,classification,Kernel SVM [poly],1103,367,63,,,,,0.13464619999285787,0.003629299986641854,23.369422912597656,0.8474114441416893,0.5254237288135594,0.5067204301075269
hr_attrition,IBM HR,classification,Kernel SVM [rbf],1103,367,63,,,,,0.13739439999335445,0.006034000020008534,27.846698760986328,0.8392370572207084,0.5,0.4562962962962963
hr_attrition,IBM HR,classification,Kernel KNN [poly],1103,367,63,,,,,0.02975799998966977,0.010035599989350885,23.369422912597656,0.8419618528610354,0.5084745762711864,0.47363996043521267
hr_attrition,IBM HR,classification,Kernel KNN [rbf],1103,367,63,,,,,0.03449640001053922,0.01417749997926876,27.846698760986328,0.8392370572207084,0.5068511996478098,0.4725598616422673
hr_attrition,IBM HR,classification,KPCA [rbf] + Logistic,1103,367,63,,,,,0.25750950002111495,0.008930700016207993,28.286526679992676,0.8392370572207084,0.5,0.4562962962962963
retail_segment,Online Retail,classification,Logistic Regression,800,300,26,,,,,0.14705110000795685,0.00026339999749325216,0.4906749725341797,0.5433333333333333,0.46543475801738277,0.4659489319608427
retail_segment,Online Retail,classification,KNN,800,300,26,,,,,2.3299973690882325e-05,0.003475100005744025,3.777027130126953,0.49333333333333335,0.4221580946814728,0.4186711979746356
retail_segment,Online Retail,classification,Decision Tree,800,300,26,,,,,1.214315900026122,0.0008873999759089202,0.09535694122314453,0.44333333333333336,0.4027297279463057,0.4141248372218111
retail_segment,Online Retail,classification,Kernel SVM [linear],800,300,26,,,,,0.08241640002233908,0.0007138999935705215,14.648834228515625,0.4166666666666667,0.3734198544522162,0.33886345616514824
retail_segment,Online Retail,classification,Kernel SVM [poly],800,300,26,,,,,0.0862355999997817,0.0020964999857824296,14.648834228515625,0.49,0.41628410097848834,0.39895205525884375
retail_segment,Online Retail,classification,Kernel SVM [rbf],800,300,26,,,,,0.09127089998219162,0.0035924999974668026,14.649066925048828,0.55,0.4446689824852472,0.40837500179090797
retail_segment,Online Retail,classification,Kernel KNN [poly],800,300,26,,,,,0.01681149998330511,0.006150000001071021,14.648834228515625,0.5166666666666667,0.4407863728059425,0.4356461650614957
retail_segment,Online Retail,classification,Kernel KNN [rbf],800,300,26,,,,,0.01971560000674799,0.007919399999082088,14.649066925048828,0.49,0.4178477498538866,0.4146683070152229
retail_segment,Online Retail,classification,KPCA [rbf] + Logistic,800,300,26,,,,,0.1994622000202071,0.0058117000153288245,14.968621253967285,0.5233333333333333,0.41033233724854357,0.3583328925520407
retail_spending,Online Retail,regression,Linear Regression,700,300,25,880.1727091493628,4276.995214663281,-0.1348703575357315,0.006666666666666667,0.00023110001347959042,1.170000177808106e-05,0.154693603515625,,,
retail_spending,Online Retail,regression,KNN,700,300,25,754.7994623274694,3792.14389530862,0.10784905272062384,0.0,1.400010660290718e-06,0.003061900002649054,3.2907867431640625,,,
retail_spending,Online Retail,regression,Decision Tree,700,300,25,710.2983056654392,3619.5720616345907,0.18720096640716033,0.0,0.7020904000091832,0.000986900005955249,0.08353328704833984,,,
retail_spending,Online Retail,regression,KRR [linear],700,300,25,856.7370140722674,4171.1731459216135,-0.07940682441431535,0.006666666666666667,0.020312100008595735,0.0005611999949906021,11.22122573852539,,,
retail_spending,Online Retail,regression,KRR [poly],700,300,25,866.845941183151,4276.1993816841905,-0.13444805955094985,0.006666666666666667,0.022481099993456155,0.0016875000146683306,11.22122573852539,,,
retail_spending,Online Retail,regression,KRR [rbf],700,300,25,834.7444214597467,4077.5092022622625,-0.03147480320045859,0.0,0.024957199988421053,0.003548999986378476,11.221248626708984,,,
retail_spending,Online Retail,regression,Kernel KNN [poly],700,300,25,756.0759957004539,3798.334772407815,0.10493370695430804,0.0,0.013056600000709295,0.00577969997539185,11.215484619140625,,,
retail_spending,Online Retail,regression,Kernel KNN [rbf],700,300,25,760.475898859964,3813.306208576379,0.09786385234731776,0.0,0.015740100003313273,0.0074235999782104045,11.215694427490234,,,
