dataset,feature,zscore_count,iqr_count,isolation_count,z_iqr_jaccard,z_iso_jaccard,iqr_iso_jaccard
Airbnb,price,20,349,50,0.05730659025787966,0.34615384615384615,0.06684491978609626
Airbnb,accommodates,0,0,50,0.0,0.0,0.0
Airbnb,minimum_nights,33,902,50,0.036585365853658534,0.07792207792207792,0.00847457627118644
Airbnb,number_of_reviews,89,394,50,0.22588832487309646,0.17796610169491525,0.052132701421800945
Airbnb,availability_365,0,0,50,0.0,0.0,0.0
NYC 311,resolution_hours,113,749,50,0.15086782376502003,0.4298245614035088,0.06675567423230974
NYC 311,Latitude,0,0,50,0.0,0.0,0.0
NYC 311,Longitude,73,183,50,0.3989071038251366,0.01652892561983471,0.017467248908296942
NYC 311,near_duplicate_report_count,21,21,50,1.0,0.0,0.0
IBM HR,Age,0,0,15,0.0,0.0,0.0
IBM HR,MonthlyIncome,0,114,15,0.0,0.0,0.05737704918032787
IBM HR,DistanceFromHome,0,0,15,0.0,0.0,0.0
IBM HR,TotalWorkingYears,16,63,15,0.25396825396825395,0.24,0.21875
IBM HR,YearsAtCompany,25,104,15,0.2403846153846154,0.42857142857142855,0.13333333333333333
Online Retail,Quantity,50,328,51,0.1524390243902439,0.463768115942029,0.11799410029498525
Online Retail,UnitPrice,3,448,51,0.006696428571428571,0.058823529411764705,0.033126293995859216
Online Retail,absolute_line_value,36,392,51,0.09183673469387756,0.6111111111111112,0.13010204081632654
