selected_model,Agency,Location Type,Incident Zip,City,Borough,Open Data Channel Type,Community Board,Council District,Latitude,Longitude,created_hour,created_dayofweek,created_month,created_day,is_weekend,is_business_hours,hour_sin,hour_cos,dow_sin,dow_cos,days_from_start,near_duplicate_report_count,actual,predicted,error,actual_label,predicted_label
Kernel SVM [linear],DOT,,11357.0,QUEENS,QUEENS,UNKNOWN,07 QUEENS,,,,19,2,4,1,0,0,-0.9659258262890684,0.2588190451025203,0.9749279121818236,-0.2225209339563143,238,1,16,17,True,Street Condition,Traffic Signal Condition
Kernel SVM [linear],NYPD,Street/Sidewalk,10455.0,BRONX,BRONX,ONLINE,01 BRONX,17.0,40.8177873812,-73.91330278053,18,1,4,7,0,0,-1.0,-1.8369701987210294e-16,0.7818314824680298,0.6234898018587336,244,1,10,6,True,Noise - Street/Sidewalk,Illegal Parking
Kernel SVM [linear],DOT,Sidewalk,11229.0,BROOKLYN,BROOKLYN,ONLINE,15 BROOKLYN,48.0,40.60548401086,-73.96054004673,10,2,4,15,0,1,0.4999999999999999,-0.8660254037844387,0.9749279121818236,-0.2225209339563143,251,1,12,16,True,OTHER,Street Condition
Kernel SVM [linear],HPD,RESIDENTIAL BUILDING,11203.0,BROOKLYN,BROOKLYN,PHONE,17 BROOKLYN,41.0,40.65772420041,-73.92907720351,17,3,6,11,0,1,-0.9659258262890684,-0.2588190451025206,0.4338837391175582,-0.900968867902419,309,1,19,5,True,WATER LEAK,HEAT/HOT WATER
Kernel SVM [linear],DOT,,10024.0,MANHATTAN,MANHATTAN,UNKNOWN,07 MANHATTAN,6.0,40.78452187104,-73.97947129352,21,1,5,5,0,0,-0.7071067811865477,0.7071067811865474,0.7818314824680298,0.6234898018587336,272,1,12,16,True,OTHER,Street Condition
Kernel SVM [linear],NYPD,Street/Sidewalk,11422.0,ROSEDALE,QUEENS,ONLINE,13 QUEENS,31.0,40.65952862869,-73.73103858426,22,2,4,8,0,0,-0.5000000000000004,0.8660254037844384,0.9749279121818236,-0.2225209339563143,245,1,6,1,True,Illegal Parking,Blocked Driveway
Kernel SVM [linear],TLC,,,,Unspecified,MOBILE,0 Unspecified,,,,11,1,6,9,0,1,0.258819045102521,-0.9659258262890682,0.7818314824680298,0.6234898018587336,306,1,12,20,True,OTHER,Water System
Kernel SVM [linear],NYPD,Street/Sidewalk,11004.0,GLEN OAKS,QUEENS,MOBILE,13 QUEENS,23.0,40.73983292739,-73.70428843861,23,3,5,14,0,0,-0.2588190451025215,0.965925826289068,0.4338837391175582,-0.900968867902419,281,1,0,5,True,Abandoned Vehicle,HEAT/HOT WATER
Kernel SVM [linear],NYPD,Street/Sidewalk,11205.0,BROOKLYN,BROOKLYN,ONLINE,03 BROOKLYN,33.0,40.69826068786,-73.96139754353,13,0,5,11,0,1,-0.2588190451025208,-0.9659258262890684,0.0,1.0,278,1,1,6,True,Blocked Driveway,Illegal Parking
Kernel SVM [linear],NYPD,Street/Sidewalk,10471.0,BRONX,BRONX,ONLINE,08 BRONX,11.0,40.90297732511,-73.89656215437,20,1,5,5,0,0,-0.8660254037844386,0.5000000000000001,0.7818314824680298,0.6234898018587336,272,1,0,6,True,Abandoned Vehicle,Illegal Parking
