selected_model,recency_days,tenure_days,product_diversity,total_units,gross_spend,avg_unit_price,country,weekend_purchase_share,evening_purchase_share,frequency,avg_order_value,max_order_value,avg_basket_units,avg_products_per_order,return_count,return_value_rate,spend_first_half,spend_second_half,spend_trend_ratio,actual,predicted,absolute_error,relative_error
Decision Tree,1,0,6,7,21.84,3.435,United Kingdom,0.0,0.0,1,21.84,21.84,7.0,6.0,1.0,0.068259385665529,0.0,21.84,22.84,57100.67,6.916974664463373,57093.753025335536,0.9998788635113307
Decision Tree,13,223,377,63865,99146.16,2.972301184433164,Australia,0.0,0.0,13,7626.627692307693,22775.93,4912.692307692308,45.46153846153846,60.0,0.0075311433573934,38192.74,60953.42,1.5959269765149997,25331.64,9345.98979338111,15985.65020661889,0.6310546891799698
Decision Tree,21,209,37,1888,8912.78,6.2523333333333335,United Kingdom,0.05,0.0,24,371.3658333333333,2945.5,78.66666666666667,5.0,11.0,0.0564872469665628,4023.46,4889.32,1.2151493616534887,22920.9,9345.98979338111,13574.910206618892,0.5922503133218543
Decision Tree,3,269,1028,12018,22216.4,2.570979591836734,United Kingdom,0.1270108043217287,0.0189675870348139,78,284.82564102564106,816.3,154.07692307692307,52.46153846153846,81.0,0.0155996465864307,7739.1,14477.3,1.8705572279427916,18004.71,9345.98979338111,8658.72020661889,0.48091417227041644
Decision Tree,9,259,97,5724,10869.28,2.9090000000000003,United Kingdom,0.0473684210526315,0.0,22,494.0581818181818,840.38,260.1818181818182,8.636363636363637,4.0,0.0063299239750898,4924.62,5944.66,1.2070886507688372,4557.74,9345.98979338111,4788.24979338111,1.050575459192738
Decision Tree,6,267,145,3717,8928.87,4.257311320754717,United Kingdom,0.0,0.0,15,595.258,1726.6,247.8,14.133333333333333,1.0,0.0168077775612205,4518.76,4410.11,0.97596111297945,5743.85,9345.98979338111,3602.1397933811095,0.6271298507762405
Decision Tree,26,245,101,3588,9627.03,4.531091954022989,United Kingdom,0.0,0.057471264367816,13,740.5407692307692,1714.25,276.0,13.384615384615383,7.0,0.1137983568453271,5696.59,3930.44,0.6900180602675868,6243.83,9345.98979338111,3102.15979338111,0.4968360434831041
Decision Tree,13,255,265,3103,5428.66,3.1742708333333334,United Kingdom,0.0859375,0.0,17,319.33294117647057,686.15,182.52941176470588,22.41176470588235,3.0,0.0018386882062861,3119.92,2308.74,0.7400830524332569,3746.38,1023.6866492922913,2722.6933507077088,0.7267531191997898
Decision Tree,44,228,95,739,1590.71,3.321197183098592,United Kingdom,0.0,0.0,4,397.6775,556.58,184.75,35.0,3.0,0.0137333680542638,725.08,865.63,1.1935737108858526,3013.6600000000003,515.605036806384,2498.0549631936165,0.8289106810966121
Decision Tree,142,0,141,1998,2050.08,1.5157446808510635,United Kingdom,0.0,0.0,1,2050.08,2050.08,1998.0,141.0,0.0,0.0,2050.08,0.0,0.0004875480234803,2545.73,66.48150060947364,2479.2484993905264,0.9738850936236468
