selected_model,Agency,Location Type,Incident Zip,City,Borough,Open Data Channel Type,Community Board,Council District,Latitude,Longitude,created_hour,created_dayofweek,created_month,created_day,is_weekend,is_business_hours,hour_sin,hour_cos,dow_sin,dow_cos,days_from_start,near_duplicate_report_count,actual,predicted,absolute_error,relative_error
KRR [rbf],DOHMH,Restaurant/Bar/Deli/Bakery,10014.0,NEW YORK,MANHATTAN,PHONE,02 MANHATTAN,3.0,40.73069101281,-74.00163447521,13,6,3,29,1,0,-0.2588190451025208,-0.9659258262890684,-0.7818314824680299,0.6234898018587334,235,1,1440.2913888888888,27.64359003671128,1412.6477988521776,0.9808069462540931
KRR [rbf],HPD,RESIDENTIAL BUILDING,11225.0,BROOKLYN,BROOKLYN,ONLINE,09 BROOKLYN,35.0,40.66840834277,-73.96080201413,17,3,4,9,0,1,-0.9659258262890684,-0.2588190451025206,0.4338837391175582,-0.900968867902419,246,1,1240.6391666666666,97.11865799919057,1143.520508667476,0.9217188521783269
KRR [rbf],HPD,RESIDENTIAL BUILDING,11205.0,BROOKLYN,BROOKLYN,PHONE,02 BROOKLYN,35.0,40.69661129082,-73.97153211434,20,2,4,8,0,0,-0.8660254037844386,0.5000000000000001,0.9749279121818236,-0.2225209339563143,245,1,1140.9055555555556,85.37600054211967,1055.5295550134358,0.9251682138575033
KRR [rbf],HPD,RESIDENTIAL BUILDING,10462.0,BRONX,BRONX,ONLINE,11 BRONX,13.0,40.85280945686,-73.866757111,10,3,4,16,0,1,0.4999999999999999,-0.8660254037844387,0.4338837391175582,-0.900968867902419,252,1,1149.2827777777777,96.54618563547925,1052.7365921422984,0.9159944032032235
KRR [rbf],DEP,,11236.0,BROOKLYN,BROOKLYN,PHONE,18 BROOKLYN,46.0,40.6438549283,-73.90624266586,8,2,4,15,0,1,0.8660254037844387,-0.4999999999999998,0.9749279121818236,-0.2225209339563143,251,1,678.85,31.278983293236294,647.5710167067638,0.9539235717857608
KRR [rbf],HPD,RESIDENTIAL BUILDING,11218.0,BROOKLYN,BROOKLYN,PHONE,12 BROOKLYN,39.0,40.64516212351,-73.97931958244,16,2,5,20,0,1,-0.8660254037844385,-0.5000000000000004,0.9749279121818236,-0.2225209339563143,287,1,617.1061111111111,116.66141156671351,500.44469954439757,0.8109540491234766
KRR [rbf],HPD,RESIDENTIAL BUILDING,11207.0,BROOKLYN,BROOKLYN,PHONE,05 BROOKLYN,42.0,40.66371175388,-73.89477770152,12,4,5,22,0,1,1.2246467991473532e-16,-1.0,-0.433883739117558,-0.9009688679024191,288,1,566.0075,143.26205193692513,422.74544806307495,0.746890187962306
KRR [rbf],HPD,RESIDENTIAL BUILDING,10453.0,BRONX,BRONX,ONLINE,05 BRONX,14.0,40.85410869351,-73.90360389368,11,1,5,26,0,1,0.258819045102521,-0.9659258262890682,0.7818314824680298,0.6234898018587336,292,1,477.6591666666667,79.77381694628068,397.885349720386,0.832990084743939
KRR [rbf],HPD,RESIDENTIAL BUILDING,10453.0,BRONX,BRONX,ONLINE,05 BRONX,14.0,40.85638988277,-73.90401268993,22,2,5,6,0,0,-0.5000000000000004,0.8660254037844384,0.9749279121818236,-0.2225209339563143,273,1,427.1575,44.38529333217365,382.77220666782637,0.8960915041122451
KRR [rbf],DEP,,10019.0,NEW YORK,MANHATTAN,ONLINE,04 MANHATTAN,6.0,40.76783777542,-73.98759921882,12,4,5,15,0,1,1.2246467991473532e-16,-1.0,-0.433883739117558,-0.9009688679024191,281,1,406.1333333333333,23.42955919249229,382.703774140841,0.9423106717190767
