selected_model,latitude,longitude,accommodates,bathrooms,bathrooms_from_text,bedrooms,beds,minimum_nights,maximum_nights,availability_30,availability_365,number_of_reviews,number_of_reviews_ltm,number_of_reviews_l30d,review_scores_rating,review_scores_accuracy,review_scores_cleanliness,review_scores_checkin,review_scores_communication,review_scores_location,review_scores_value,reviews_per_month,host_response_rate,host_acceptance_rate,host_listings_count,host_total_listings_count,calculated_host_listings_count,host_tenure_days,listing_age_days,days_since_last_review,amenity_count,city,neighbourhood_cleansed,property_type,room_type,host_response_time,host_has_profile_pic,host_identity_verified,instant_bookable,has_availability,review_information_missing,host_response_missing,capacity_information_missing,host_profile_missing,actual,predicted,error,actual_label,predicted_label
Logistic Regression,32.7491,-96.82991,2,1.0,1.0,1.0,1.0,1.0,1125.0,6,226,22,22,5,4.91,4.91,4.86,5.0,4.91,4.95,4.91,5.28,,,4.0,,3,,133.0,24.0,33,Dallas,District 1,Entire guest suite,Entire home/apt,,t,t,,t,0,1,0,1,1,0,True,1.0,0.0
Logistic Regression,36.20549015825564,-86.81074988096952,12,,4.0,4.0,,2.0,365.0,19,347,48,11,1,4.69,4.77,4.58,4.94,4.92,4.5,4.75,1.24,1.0,0.99,103.0,135.0,66,2303.0,1410.0,256.0,49,Nashville,District 2,Entire home,Entire home/apt,within an hour,t,t,t,t,0,0,1,0,0,1,True,0.0,1.0
Logistic Regression,36.14454,-86.76374,16,4.5,4.5,5.0,14.0,2.0,1125.0,30,365,7,0,0,4.57,4.43,5.0,5.0,5.0,4.86,4.57,0.13,1.0,0.99,31.0,32.0,14,3125.0,1858.0,956.0,56,Nashville,District 17,Entire townhouse,Entire home/apt,within an hour,t,t,t,t,0,0,0,0,1,0,True,1.0,0.0
Logistic Regression,47.71794912917265,-122.28237029099115,10,1.5,1.5,4.0,4.0,2.0,365.0,21,70,5,5,0,4.8,4.8,5.0,5.0,5.0,4.8,4.8,0.8,1.0,1.0,1.0,1.0,1,2969.0,438.0,315.0,69,Seattle,Cedar Park,Entire home,Entire home/apt,within an hour,t,f,t,t,0,0,0,0,0,1,True,0.0,1.0
Logistic Regression,47.5221035,-122.382885,6,2.0,2.0,3.0,3.0,2.0,45.0,20,335,2,2,2,5.0,5.0,5.0,5.0,5.0,5.0,5.0,2.0,1.0,0.99,25.0,36.0,10,1749.0,275.0,264.0,51,Seattle,Fauntleroy,Entire home,Entire home/apt,within an hour,t,t,f,t,0,0,0,0,0,1,True,0.0,1.0
Logistic Regression,47.5916028,-122.295231,4,2.5,2.5,2.0,3.0,2.0,365.0,17,340,19,16,2,4.95,5.0,5.0,5.0,5.0,4.95,4.89,1.43,1.0,0.99,3.0,3.0,3,4245.0,649.0,257.0,38,Seattle,Leschi,Entire home,Entire home/apt,within an hour,t,t,t,t,0,0,0,0,0,1,True,0.0,1.0
Logistic Regression,32.7823421,-96.7807706,5,2.0,2.0,2.0,2.0,2.0,1125.0,27,185,1,1,0,5.0,5.0,5.0,5.0,5.0,5.0,5.0,0.13,,,1.0,,1,,235.0,235.0,36,Dallas,District 2,Entire rental unit,Entire home/apt,,t,t,,t,0,1,0,1,0,1,True,0.0,1.0
Logistic Regression,47.68096,-122.35223,4,1.0,1.0,2.0,3.0,1.0,365.0,11,175,116,48,3,4.86,4.9,4.84,4.91,4.86,4.91,4.66,4.09,,,239.0,329.0,104,2280.0,1102.0,270.0,40,Seattle,Phinney Ridge,Entire home,Entire home/apt,,t,t,f,t,0,1,0,0,0,1,True,0.0,1.0
Logistic Regression,36.17035,-86.68705,8,,2.0,2.0,,3.0,28.0,0,0,48,3,0,5.0,5.0,4.98,5.0,5.0,4.94,4.94,1.13,,1.0,1.0,14.0,1,4669.0,1530.0,552.0,67,Nashville,District 15,Entire home,Entire home/apt,,t,t,f,t,0,1,1,0,0,1,True,0.0,1.0
Logistic Regression,32.7652,-96.7701,8,,2.0,3.0,5.0,1.0,365.0,18,51,1,1,0,5.0,5.0,5.0,5.0,5.0,5.0,5.0,0.24,,,1.0,,1,,132.0,132.0,60,Dallas,District 7,Entire home,Entire home/apt,,t,t,,t,0,1,1,1,0,1,True,0.0,1.0
