selected_model,recency_days,tenure_days,product_diversity,total_units,gross_spend,avg_unit_price,country,weekend_purchase_share,evening_purchase_share,frequency,avg_order_value,max_order_value,avg_basket_units,avg_products_per_order,return_count,return_value_rate,spend_first_half,spend_second_half,spend_trend_ratio,actual,predicted,error,actual_label,predicted_label
Logistic Regression,133,0,2,70,232.9,3.17,United Kingdom,0.0,0.0,1,232.9,232.9,70.0,2.0,0.0,0.0,0.0,232.9,233.9,2,1,True,Future_Low,Future_Inactive
Logistic Regression,161,0,12,87,216.95,4.941666666666666,United Kingdom,0.0,0.0,1,216.95,216.95,87.0,12.0,0.0,0.0,216.95,0.0,0.004588208304657,3,1,True,Future_Mid,Future_Inactive
Logistic Regression,187,0,4,28,74.60000000000001,2.95,United Kingdom,0.0,0.0,1,74.60000000000001,74.60000000000001,28.0,4.0,0.0,0.0,74.60000000000001,0.0,0.0132275132275132,2,1,True,Future_Low,Future_Inactive
Logistic Regression,211,0,13,35,105.85,3.942307692307693,United Kingdom,0.0,0.0,1,105.85,105.85,35.0,13.0,0.0,0.0,105.85,0.0,0.0093589143659335,2,1,True,Future_Low,Future_Inactive
Logistic Regression,70,37,30,494,976.8,3.690810810810811,France,0.0,0.0,2,488.4,586.74,247.0,18.5,1.0,0.0297973778307508,0.0,976.8,977.8,0,1,True,Future_High,Future_Inactive
Logistic Regression,13,157,97,5909,10795.48,3.3575833333333334,United Kingdom,0.0,0.0,12,899.6233333333333,3840.88,492.4166666666667,10.0,11.0,0.0146971982866807,4367.88,6427.6,1.471452637746974,3,0,True,Future_Mid,Future_High
Logistic Regression,261,0,7,39,92.14,4.577142857142857,United Kingdom,0.0,0.0,1,92.14,92.14,39.0,7.0,0.0,0.0,92.14,0.0,0.0107365256602963,2,1,True,Future_Low,Future_Inactive
Logistic Regression,84,0,55,621,878.55,2.5163636363636366,United Kingdom,0.0,0.0,1,878.55,878.55,621.0,55.0,7.0,0.036571992543042,0.0,878.55,879.55,0,3,True,Future_High,Future_Mid
Logistic Regression,64,0,3,656,1382.88,3.02,United Kingdom,0.0,0.0,1,1382.88,1382.88,656.0,3.0,0.0,0.0,0.0,1382.88,1383.88,2,1,True,Future_Low,Future_Inactive
Logistic Regression,27,113,27,390,614.86,2.266111111111111,United Kingdom,0.0,0.0,4,153.715,203.78,97.5,9.0,0.0,0.0,110.1,504.76,4.552295229522953,3,1,True,Future_Mid,Future_Inactive
