selected_model,Age,BusinessTravel,DailyRate,Department,DistanceFromHome,Education,EducationField,EnvironmentSatisfaction,Gender,HourlyRate,JobInvolvement,JobLevel,JobRole,JobSatisfaction,MaritalStatus,MonthlyIncome,MonthlyRate,NumCompaniesWorked,OverTime,PercentSalaryHike,PerformanceRating,RelationshipSatisfaction,StockOptionLevel,TotalWorkingYears,TrainingTimesLastYear,WorkLifeBalance,YearsAtCompany,YearsInCurrentRole,YearsSinceLastPromotion,YearsWithCurrManager,income_per_job_level,company_tenure_ratio,role_tenure_ratio,manager_tenure_ratio,promotion_stagnation_ratio,actual,predicted,error
Logistic Regression,34,Travel_Rarely,699,Research & Development,6,1,Medical,2,Male,83,3,1,Research Scientist,1,Single,2960,17102,2,No,11,3,3,0,8,2,3,4,2,1,3,2960.0,0.5,0.5,0.75,0.25,1,0,True
Logistic Regression,35,Travel_Rarely,737,Sales,10,3,Medical,4,Male,55,2,3,Sales Executive,1,Married,10306,21530,9,No,17,3,3,0,15,3,3,13,12,6,0,3435.333333333333,0.8666666666666667,0.9230769230769232,0.0,0.4615384615384615,1,0,True
Logistic Regression,33,Travel_Rarely,527,Research & Development,1,4,Other,4,Male,63,3,1,Research Scientist,4,Single,2686,5207,1,Yes,13,3,3,0,10,2,2,10,9,7,8,2686.0,1.0,0.9,0.8,0.7,1,0,True
Logistic Regression,29,Travel_Rarely,806,Research & Development,7,3,Technical Degree,2,Female,39,3,1,Laboratory Technician,3,Divorced,3339,17285,3,Yes,13,3,1,2,10,2,3,7,7,7,7,3339.0,0.7,1.0,1.0,1.0,1,0,True
Logistic Regression,55,Travel_Rarely,436,Sales,2,1,Medical,3,Male,37,3,2,Sales Executive,4,Single,5160,21519,4,No,16,3,3,0,12,3,2,9,7,7,3,2580.0,0.75,0.7777777777777778,0.3333333333333333,0.7777777777777778,1,0,True
Logistic Regression,39,Travel_Rarely,412,Research & Development,13,4,Medical,3,Female,94,2,4,Manager,2,Divorced,17123,17334,6,Yes,13,3,4,2,21,4,3,19,9,15,2,4280.75,0.9047619047619048,0.4736842105263157,0.1052631578947368,0.7894736842105263,0,1,True
Logistic Regression,39,Travel_Rarely,360,Research & Development,23,3,Medical,3,Male,93,3,1,Research Scientist,1,Single,3904,22154,0,No,13,3,1,0,6,2,3,5,2,0,3,3904.0,0.8333333333333334,0.4,0.6,0.0,1,0,True
Logistic Regression,33,Travel_Rarely,1198,Research & Development,1,4,Other,3,Male,100,2,1,Research Scientist,1,Single,2799,3339,3,Yes,11,3,2,0,6,1,3,3,2,0,2,2799.0,0.5,0.6666666666666666,0.6666666666666666,0.0,0,1,True
Logistic Regression,26,Travel_Frequently,575,Research & Development,3,1,Technical Degree,3,Male,73,3,1,Research Scientist,1,Single,3102,6582,0,No,22,4,3,0,7,2,3,6,4,0,4,3102.0,0.8571428571428571,0.6666666666666666,0.6666666666666666,0.0,1,0,True
Logistic Regression,30,Travel_Frequently,600,Human Resources,8,3,Human Resources,3,Female,66,2,1,Human Resources,4,Divorced,2180,9732,6,No,11,3,3,1,6,0,2,4,2,1,2,2180.0,0.6666666666666666,0.5,0.5,0.25,1,0,True
