selected_model,latitude,longitude,accommodates,bathrooms,bathrooms_from_text,bedrooms,beds,minimum_nights,maximum_nights,availability_30,availability_365,number_of_reviews,number_of_reviews_ltm,number_of_reviews_l30d,review_scores_rating,review_scores_accuracy,review_scores_cleanliness,review_scores_checkin,review_scores_communication,review_scores_location,review_scores_value,reviews_per_month,host_response_rate,host_acceptance_rate,host_listings_count,host_total_listings_count,calculated_host_listings_count,host_tenure_days,listing_age_days,days_since_last_review,amenity_count,city,neighbourhood_cleansed,property_type,room_type,host_response_time,host_has_profile_pic,host_identity_verified,instant_bookable,has_availability,review_information_missing,host_response_missing,capacity_information_missing,host_profile_missing,actual,predicted,absolute_error,relative_error
KRR [linear],47.60961,-122.34175,2,1.0,1.0,1.0,0.0,1.0,365.0,0,0,0,0,0,,,,,,,,,0.99,0.94,538.0,574.0,11,356.0,,,35,Seattle,Pike-Market,Room in hotel,Hotel room,within an hour,t,t,t,t,1,0,0,0,50000.0,131.55706524479007,49868.44293475521,0.9973688586951042
KRR [linear],47.66315,-122.34664,15,3.5,3.5,6.0,6.0,2.0,90.0,17,17,3,0,0,4.0,3.67,3.33,4.67,4.0,4.0,3.67,0.09,0.96,0.97,33.0,54.0,4,2675.0,1285.0,1088.0,31,Seattle,Wallingford,Entire home,Entire home/apt,within an hour,t,t,f,t,0,0,0,0,9400.0,406.9922671622468,8993.007732837754,0.9567029503018887
KRR [linear],32.90084707569008,-96.80555266840636,10,4.0,4.0,4.0,7.0,5.0,365.0,28,44,0,0,0,,,,,,,,,,,1.0,,1,,,,19,Dallas,District 13,Entire home,Entire home/apt,,t,t,,t,1,1,0,1,2607.4,504.06148841873664,2103.3385115812634,0.8066804140451267
KRR [linear],32.79765,-96.76294,6,2.0,2.0,3.0,4.0,1.0,365.0,30,365,0,0,0,,,,,,,,,,,1.0,,1,,,,36,Dallas,District 14,Entire loft,Entire home/apt,,t,t,,t,1,1,0,1,2283.0,512.3578969752263,1770.6421030247739,0.7755769176630635
KRR [linear],32.70899,-96.83344,4,1.0,1.0,2.0,2.0,1.0,365.0,29,364,0,0,0,,,,,,,,,,,1.0,,1,,,,9,Dallas,District 4,Entire home,Entire home/apt,,f,t,,t,1,1,0,1,1712.0,325.63137220337705,1386.368627796623,0.8097947592269995
KRR [linear],47.63107190471082,-122.36302323176962,8,3.5,3.5,4.0,4.0,3.0,29.0,15,54,15,10,2,5.0,5.0,5.0,5.0,5.0,5.0,5.0,0.74,1.0,0.95,1.0,1.0,1,1083.0,857.0,269.0,62,Seattle,Lower Queen Anne,Entire home,Entire home/apt,within an hour,f,f,f,t,0,0,0,0,1340.0,350.2531106361896,989.7468893638104,0.7386170816147839
KRR [linear],36.164848,-86.777786,12,5.5,5.5,4.0,10.0,2.0,365.0,9,314,103,23,1,4.93,4.9,4.93,4.96,4.97,4.96,4.76,1.96,1.0,1.0,18.0,21.0,15,4073.0,1830.0,280.0,54,Nashville,District 19,Entire condo,Entire home/apt,within an hour,t,t,f,t,0,0,0,0,1292.0,360.54775637780085,931.4522436221991,0.7209382690574296
KRR [linear],36.14263,-86.84006,12,4.5,4.5,4.0,5.0,7.0,60.0,11,333,125,1,0,4.94,5.0,4.98,5.0,4.98,4.97,4.91,1.21,1.0,0.83,2.0,2.0,1,4819.0,3350.0,384.0,52,Nashville,District 24,Entire home,Entire home/apt,within a few hours,t,t,f,t,0,0,0,0,1080.0,312.89932542859935,767.1006745714006,0.7102784023809265
KRR [linear],47.63957,-122.34345,3,1.0,1.0,1.0,1.0,30.0,365.0,0,335,56,9,1,4.91,4.95,4.93,4.93,4.96,4.73,4.71,2.11,1.0,0.99,17.0,20.0,14,2992.0,1048.0,266.0,55,Seattle,East Queen Anne,Entire townhouse,Entire home/apt,within an hour,t,t,f,t,0,0,0,0,800.0,106.2941866195155,693.7058133804845,0.8671322667256056
KRR [linear],47.57761,-122.41444,12,1.0,1.0,3.0,3.0,3.0,31.0,27,86,5,0,0,4.6,5.0,4.6,4.4,4.2,5.0,5.0,0.05,0.4,0.82,2.0,4.0,2,4083.0,3280.0,3081.0,41,Seattle,Alki,Entire home,Entire home/apt,a few days or more,t,f,t,t,0,0,0,0,200.0,866.005088412696,666.005088412696,3.3300254420634796
