Accuracy,Precision (+1),Recall (+1),F1 (+1),AUC-ROC,G-mean,Base Learner,seed
0.23739495798319327,0.06976744186046512,0.9,0.12949640287769784,0.6178251121076234,0.41658444629733954,HDDT (yours),0
0.2773109243697479,0.08021390374331551,1.0,0.1485148514851485,0.6106502242152466,0.47822541920051337,HDDT (yours),1
0.4642857142857143,0.09386281588447654,0.8666666666666667,0.16938110749185667,0.7192451420029895,0.6155678409534919,HDDT (yours),2
0.23529411764705882,0.07397959183673469,0.9666666666666667,0.13744075829383887,0.6560911808669656,0.42414073869204805,HDDT (yours),3
0.2542016806722689,0.07571801566579635,0.9666666666666667,0.14043583535108958,0.7181240657698056,0.4465446144291019,HDDT (yours),4
0.17857142857142858,0.07125890736342043,1.0,0.13303769401330376,0.6579222720478326,0.35116717621415616,HDDT (yours),5
0.20168067226890757,0.07107843137254902,0.9666666666666667,0.1324200913242009,0.7270926756352765,0.3810731444291006,HDDT (yours),6
0.1869747899159664,0.06569343065693431,0.9,0.12244897959183673,0.6582585949177877,0.35371189918253865,HDDT (yours),7
0.28781512605042014,0.0743801652892562,0.9,0.13740458015267176,0.6798953662182362,0.47114020648890026,HDDT (yours),8
0.15336134453781514,0.06728538283062645,0.9666666666666667,0.12581344902386118,0.6032137518684604,0.30881421313821256,HDDT (yours),9
0.523109243697479,0.07725321888412018,0.6,0.13688212927756654,0.6045964125560539,0.5574606101228723,Standard DT (sklearn),0
0.5609243697478992,0.07582938388625593,0.5333333333333333,0.13278008298755187,0.6227578475336322,0.5478589935659459,Standard DT (sklearn),1
0.6323529411764706,0.10382513661202186,0.6333333333333333,0.1784037558685446,0.6904334828101644,0.6328099481623796,Standard DT (sklearn),2
0.5483193277310925,0.08144796380090498,0.6,0.14342629482071714,0.6122571001494768,0.5717567923482961,Standard DT (sklearn),3
0.6680672268907563,0.1144578313253012,0.6333333333333333,0.19387755102040816,0.6806801195814648,0.6516048946366957,Standard DT (sklearn),4
0.5210084033613446,0.08050847457627118,0.6333333333333333,0.14285714285714285,0.6123318385650224,0.5702515638197444,Standard DT (sklearn),5
0.23319327731092437,0.07161125319693094,0.9333333333333333,0.1330166270783848,0.7138266068759342,0.4167638152814519,Standard DT (sklearn),6
0.28991596638655465,0.06741573033707865,0.8,0.12435233160621761,0.6665171898355755,0.45219940837282774,Standard DT (sklearn),7
0.6764705882352942,0.09740259740259741,0.5,0.16304347826086957,0.6247010463378176,0.5866603818116951,Standard DT (sklearn),8
0.6239495798319328,0.06936416184971098,0.4,0.11822660098522167,0.5810538116591929,0.5055743082534152,Standard DT (sklearn),9
