Accuracy,Precision (+1),Recall (+1),F1 (+1),AUC-ROC,G-mean,max_depth,seed
0.9369747899159664,0.0,0.0,0.0,0.5427503736920778,0.0,2,0
0.9369747899159664,0.0,0.0,0.0,0.5482062780269058,0.0,2,1
0.9369747899159664,0.0,0.0,0.0,0.5515695067264574,0.0,2,2
0.9369747899159664,0.0,0.0,0.0,0.5416292974588939,0.0,2,3
0.9369747899159664,0.0,0.0,0.0,0.5571748878923767,0.0,2,4
0.9369747899159664,0.0,0.0,0.0,0.547085201793722,0.0,2,5
0.9369747899159664,0.0,0.0,0.0,0.5292974588938715,0.0,2,6
0.9369747899159664,0.0,0.0,0.0,0.532660687593423,0.0,2,7
0.9369747899159664,0.0,0.0,0.0,0.5594170403587444,0.0,2,8
0.9369747899159664,0.0,0.0,0.0,0.5292974588938715,0.0,2,9
