Accuracy,Precision (+1),Recall (+1),F1 (+1),AUC-ROC,G-mean,Method,seed
0.9369747899159664,0.0,0.0,0.0,0.608594917787743,0.0,AdaBoost (no SMOTE),0
0.9369747899159664,0.0,0.0,0.0,0.5908445440956652,0.0,AdaBoost (no SMOTE),1
0.9369747899159664,0.0,0.0,0.0,0.6324364723467862,0.0,AdaBoost (no SMOTE),2
0.9369747899159664,0.0,0.0,0.0,0.6069133034379671,0.0,AdaBoost (no SMOTE),3
0.9348739495798319,0.0,0.0,0.0,0.6373692077727952,0.0,AdaBoost (no SMOTE),4
0.9369747899159664,0.0,0.0,0.0,0.6519058295964126,0.0,AdaBoost (no SMOTE),5
0.9369747899159664,0.0,0.0,0.0,0.5635276532137519,0.0,AdaBoost (no SMOTE),6
0.9369747899159664,0.0,0.0,0.0,0.6215994020926756,0.0,AdaBoost (no SMOTE),7
0.9369747899159664,0.0,0.0,0.0,0.5830717488789237,0.0,AdaBoost (no SMOTE),8
0.9369747899159664,0.0,0.0,0.0,0.6171150971599402,0.0,AdaBoost (no SMOTE),9
0.8550420168067226,0.0851063829787234,0.13333333333333333,0.1038961038961039,0.5644618834080717,0.34709987879498283,AdaBoost + SMOTE,0
0.8802521008403361,0.11428571428571428,0.13333333333333333,0.12307692307692308,0.5628550074738417,0.3522297117020086,AdaBoost + SMOTE,1
0.8361344537815126,0.08620689655172414,0.16666666666666666,0.11363636363636363,0.6433856502242152,0.3832244597453106,AdaBoost + SMOTE,2
0.8067226890756303,0.10256410256410256,0.26666666666666666,0.14814814814814814,0.5750373692077728,0.4741446551013056,AdaBoost + SMOTE,3
0.8319327731092437,0.0967741935483871,0.2,0.13043478260869565,0.6069880418535127,0.41819599756176723,AdaBoost + SMOTE,4
0.7752100840336135,0.09473684210526316,0.3,0.144,0.5636397608370702,0.4920898966324273,AdaBoost + SMOTE,5
0.792016806722689,0.10344827586206896,0.3,0.15384615384615385,0.5765321375186846,0.49752751912531984,AdaBoost + SMOTE,6
0.7836134453781513,0.0989010989010989,0.3,0.1487603305785124,0.5402840059790732,0.4948161773096695,AdaBoost + SMOTE,7
0.7983193277310925,0.10714285714285714,0.3,0.15789473684210525,0.588303437967115,0.499551368236267,AdaBoost + SMOTE,8
0.7878151260504201,0.09195402298850575,0.26666666666666666,0.13675213675213677,0.5292974588938715,0.46843568186235934,AdaBoost + SMOTE,9
