Accuracy,Precision (+1),Recall (+1),F1 (+1),AUC-ROC,G-mean,T,seed
0.5672268907563025,0.07692307692307693,0.5333333333333333,0.13445378151260504,0.6052316890881915,0.5511233262866665,11,0
0.18277310924369747,0.06954436450839328,0.9666666666666667,0.1297539149888143,0.6072496263079222,0.3545560815268624,11,1
0.33613445378151263,0.08430232558139535,0.9666666666666667,0.15508021390374332,0.7528774289985052,0.5328519875703741,11,2
0.42016806722689076,0.08445945945945946,0.8333333333333334,0.15337423312883436,0.6316890881913304,0.5718221471856072,11,3
0.25,0.07532467532467532,0.9666666666666667,0.13975903614457832,0.7146113602391629,0.4416641988819006,11,4
0.1638655462184874,0.07009345794392523,1.0,0.13100436681222707,0.6378550074738416,0.3280599310882849,11,5
0.1869747899159664,0.06987951807228916,0.9666666666666667,0.1303370786516854,0.7330343796711509,0.36061730830525507,11,6
0.1953781512605042,0.062034739454094295,0.8333333333333334,0.11547344110854503,0.6128550074738416,0.35644818196689365,11,7
0.22899159663865545,0.07124681933842239,0.9333333333333333,0.13238770685579196,0.5944693572496264,0.41171194597363714,11,8
0.14285714285714285,0.06451612903225806,0.9333333333333333,0.1206896551724138,0.6232810164424514,0.28932166426152967,11,9
0.2184873949579832,0.07035175879396985,0.9333333333333333,0.1308411214953271,0.6098281016442452,0.39880239252168037,31,0
0.23319327731092437,0.0759493670886076,1.0,0.1411764705882353,0.6221973094170403,0.42616235142934056,31,1
0.3382352941176471,0.08454810495626822,0.9666666666666667,0.1554959785522788,0.7348281016442451,0.5348819072547886,31,2
0.23319327731092437,0.0737913486005089,0.9666666666666667,0.13711583924349882,0.6462257100149477,0.42157793130975685,31,3
0.25210084033613445,0.07552083333333333,0.9666666666666667,0.14009661835748793,0.7298206278026905,0.4441111106748098,31,4
0.2184873949579832,0.07035175879396985,0.9333333333333333,0.1308411214953271,0.6530642750373692,0.39880239252168037,31,5
0.2184873949579832,0.0725,0.9666666666666667,0.13488372093023257,0.7504484304932736,0.4031824076167749,31,6
0.23529411764705882,0.06958762886597938,0.9,0.1291866028708134,0.6735052316890882,0.414155361763107,31,7
0.25630252100840334,0.07368421052631578,0.9333333333333333,0.13658536585365855,0.678998505231689,0.4435217127897957,31,8
0.15336134453781514,0.06526806526806526,0.9333333333333333,0.12200435729847495,0.5946562032884903,0.30687196611525785,31,9
0.23739495798319327,0.06976744186046512,0.9,0.12949640287769784,0.6178251121076234,0.41658444629733954,51,0
0.2773109243697479,0.08021390374331551,1.0,0.1485148514851485,0.6106502242152466,0.47822541920051337,51,1
0.4642857142857143,0.09386281588447654,0.8666666666666667,0.16938110749185667,0.7192451420029895,0.6155678409534919,51,2
0.23529411764705882,0.07397959183673469,0.9666666666666667,0.13744075829383887,0.6560911808669656,0.42414073869204805,51,3
0.2542016806722689,0.07571801566579635,0.9666666666666667,0.14043583535108958,0.7181240657698056,0.4465446144291019,51,4
0.17857142857142858,0.07125890736342043,1.0,0.13303769401330376,0.6579222720478326,0.35116717621415616,51,5
0.20168067226890757,0.07107843137254902,0.9666666666666667,0.1324200913242009,0.7270926756352765,0.3810731444291006,51,6
0.1869747899159664,0.06569343065693431,0.9,0.12244897959183673,0.6582585949177877,0.35371189918253865,51,7
0.28781512605042014,0.0743801652892562,0.9,0.13740458015267176,0.6798953662182362,0.47114020648890026,51,8
0.15336134453781514,0.06728538283062645,0.9666666666666667,0.12581344902386118,0.6032137518684604,0.30881421313821256,51,9
0.3403361344537815,0.07228915662650602,0.8,0.13259668508287292,0.6228699551569506,0.4975275191253199,101,0
0.33613445378151263,0.08430232558139535,0.9666666666666667,0.15508021390374332,0.6296711509715993,0.5328519875703741,101,1
0.5252100840336135,0.09836065573770492,0.8,0.17518248175182483,0.7144992526158445,0.6366955048681296,101,2
0.24789915966386555,0.07512953367875648,0.9666666666666667,0.13942307692307693,0.6651718983557549,0.4392036549519698,101,3
0.30462184873949577,0.0807799442896936,0.9666666666666667,0.14910025706940874,0.7078101644245143,0.5014180191171496,101,4
0.20378151260504201,0.07334963325183375,1.0,0.1366742596810934,0.6693198804185351,0.38758768717109265,101,5
0.20798319327731093,0.07160493827160494,0.9666666666666667,0.13333333333333333,0.7440956651718984,0.38951121108069353,101,6
0.15336134453781514,0.06728538283062645,0.9666666666666667,0.12581344902386118,0.6718236173393124,0.30881421313821256,101,7
0.40756302521008403,0.07432432432432433,0.7333333333333333,0.13496932515337423,0.6855007473841555,0.5317989887396498,101,8
0.17016806722689076,0.06855791962174941,0.9666666666666667,0.1280353200883002,0.5933109118086697,0.33571644380749416,101,9
