Age,BusinessTravel,DailyRate,Department,DistanceFromHome,Education,EducationField,EnvironmentSatisfaction,Gender,HourlyRate,JobInvolvement,JobLevel,JobRole,JobSatisfaction,MaritalStatus,MonthlyIncome,MonthlyRate,NumCompaniesWorked,OverTime,PercentSalaryHike,PerformanceRating,RelationshipSatisfaction,StockOptionLevel,TotalWorkingYears,TrainingTimesLastYear,WorkLifeBalance,YearsAtCompany,YearsInCurrentRole,YearsSinceLastPromotion,YearsWithCurrManager,income_per_job_level,company_tenure_ratio,role_tenure_ratio,manager_tenure_ratio,promotion_stagnation_ratio,Attrition
44,Travel_Rarely,935,Research & Development,3,3,Life Sciences,1,Male,89,3,1,Laboratory Technician,1,Married,2362,14669,4,No,12,3,3,0,10,4,4,3,2,1,2,2362.0,0.3,0.6666666666666666,0.6666666666666666,0.3333333333333333,1
32,Travel_Rarely,1045,Sales,4,4,Medical,4,Male,32,1,3,Sales Executive,4,Married,10400,25812,1,No,11,3,3,0,14,2,2,14,8,9,8,3466.6666666666665,1.0,0.5714285714285714,0.5714285714285714,0.6428571428571429,1
35,Travel_Rarely,556,Research & Development,23,2,Life Sciences,2,Male,50,2,2,Manufacturing Director,3,Married,5916,15497,3,Yes,13,3,1,0,8,1,3,1,0,0,1,2958.0,0.125,0.0,1.0,0.0,1
26,Travel_Frequently,575,Research & Development,1,2,Life Sciences,1,Female,71,1,1,Laboratory Technician,4,Divorced,4364,5288,3,No,14,3,1,1,5,2,3,2,2,2,0,4364.0,0.4,1.0,0.0,1.0,0
34,Travel_Rarely,1130,Research & Development,3,3,Life Sciences,4,Female,66,3,2,Research Scientist,2,Divorced,5433,19332,1,No,12,3,3,1,11,2,3,11,8,7,9,2716.5,1.0,0.7272727272727273,0.8181818181818182,0.6363636363636364,0
39,Non-Travel,592,Research & Development,2,3,Life Sciences,1,Female,54,2,1,Laboratory Technician,1,Single,3646,17181,2,Yes,23,4,2,0,11,2,4,1,0,0,0,3646.0,0.09090909090909091,0.0,0.0,0.0,1
37,Travel_Rarely,807,Human Resources,6,4,Human Resources,3,Male,63,3,1,Human Resources,1,Divorced,2073,23648,4,Yes,22,4,4,0,7,3,3,3,2,0,2,2073.0,0.42857142857142855,0.6666666666666666,0.6666666666666666,0.0,1
33,Travel_Rarely,603,Sales,9,4,Marketing,1,Female,77,3,2,Sales Executive,1,Single,8224,18385,0,Yes,17,3,1,0,6,3,3,5,2,0,3,4112.0,0.8333333333333334,0.4,0.6,0.0,1
50,Travel_Rarely,813,Research & Development,17,5,Life Sciences,4,Female,50,2,3,Research Director,1,Divorced,13269,21981,5,No,15,3,3,3,19,3,3,14,11,1,11,4423.0,0.7368421052631579,0.7857142857142857,0.7857142857142857,0.07142857142857142,0
34,Travel_Rarely,735,Sales,3,1,Medical,4,Female,75,2,2,Sales Executive,4,Married,8103,16495,3,Yes,12,3,3,0,9,3,2,4,2,0,1,4051.5,0.4444444444444444,0.5,0.25,0.0,0
52,Travel_Rarely,1323,Research & Development,2,3,Life Sciences,3,Female,89,2,1,Laboratory Technician,4,Single,3212,3300,7,No,15,3,2,0,6,3,2,2,2,2,2,3212.0,0.3333333333333333,1.0,1.0,1.0,0
27,Travel_Rarely,1220,Research & Development,5,3,Life Sciences,3,Female,85,3,1,Research Scientist,2,Single,2478,20938,1,Yes,12,3,2,0,4,2,2,4,3,1,2,2478.0,1.0,0.75,0.5,0.25,0
28,Travel_Rarely,640,Research & Development,1,3,Technical Degree,4,Male,84,3,1,Research Scientist,1,Single,2080,4732,2,No,11,3,2,0,5,2,2,3,2,1,2,2080.0,0.6,0.6666666666666666,0.6666666666666666,0.3333333333333333,0
29,Travel_Rarely,694,Research & Development,1,3,Life Sciences,4,Female,87,2,4,Research Director,4,Divorced,16124,3423,3,No,14,3,2,2,9,2,2,7,7,1,7,4031.0,0.7777777777777778,1.0,1.0,0.14285714285714285,0
21,Travel_Rarely,156,Sales,12,3,Life Sciences,3,Female,90,4,1,Sales Representative,2,Single,2716,25422,1,No,15,3,4,0,1,0,3,1,0,0,0,2716.0,1.0,0.0,0.0,0.0,1
27,Travel_Rarely,798,Research & Development,6,4,Medical,1,Female,66,2,1,Research Scientist,3,Divorced,2187,5013,0,No,12,3,3,2,6,5,2,5,3,0,3,2187.0,0.8333333333333334,0.6,0.6,0.0,0
31,Travel_Rarely,359,Human Resources,18,5,Human Resources,4,Male,89,4,1,Human Resources,1,Married,2956,21495,0,No,17,3,3,0,2,4,3,1,0,0,0,2956.0,0.5,0.0,0.0,0.0,1
33,Travel_Rarely,813,Research & Development,14,3,Medical,3,Male,58,3,1,Laboratory Technician,4,Married,2436,22149,5,Yes,13,3,3,1,8,2,1,5,4,0,4,2436.0,0.625,0.8,0.8,0.0,1
29,Travel_Frequently,115,Sales,13,3,Technical Degree,1,Female,51,3,2,Sales Executive,2,Single,5765,17485,5,No,11,3,1,0,7,4,1,5,3,0,0,2882.5,0.7142857142857143,0.6,0.0,0.0,1
35,Travel_Rarely,660,Sales,7,1,Life Sciences,4,Male,76,3,1,Sales Representative,3,Married,2404,16192,1,No,13,3,1,1,1,3,3,1,0,0,0,2404.0,1.0,0.0,0.0,0.0,0
18,Non-Travel,247,Research & Development,8,1,Medical,3,Male,80,3,1,Laboratory Technician,3,Single,1904,13556,1,No,12,3,4,0,0,0,3,0,0,0,0,1904.0,0.0,0.0,0.0,0.0,1
33,Travel_Rarely,350,Sales,5,3,Marketing,4,Female,34,3,1,Sales Representative,3,Single,2851,9150,1,Yes,13,3,2,0,1,2,3,1,0,0,0,2851.0,1.0,0.0,0.0,0.0,1
56,Travel_Frequently,906,Sales,6,3,Life Sciences,3,Female,86,4,4,Sales Executive,1,Married,13212,18256,9,No,11,3,4,3,36,0,2,7,7,7,7,3303.0,0.19444444444444445,1.0,1.0,1.0,0
47,Travel_Rarely,703,Sales,14,4,Marketing,4,Male,42,3,2,Sales Executive,1,Single,4960,11825,2,No,12,3,4,0,20,2,3,7,7,1,7,2480.0,0.35,1.0,1.0,0.14285714285714285,0
35,Travel_Frequently,1182,Sales,11,2,Marketing,4,Male,54,3,2,Sales Executive,4,Divorced,4968,18500,1,No,11,3,4,1,5,3,3,5,2,0,2,2484.0,1.0,0.4,0.4,0.0,0
33,Travel_Rarely,1069,Research & Development,1,3,Life Sciences,2,Female,42,2,2,Healthcare Representative,4,Single,6949,12291,0,No,14,3,1,0,6,3,3,5,0,1,4,3474.5,0.8333333333333334,0.0,0.8,0.2,0
40,Travel_Rarely,1171,Research & Development,10,4,Life Sciences,4,Female,46,4,1,Laboratory Technician,3,Married,2213,22495,3,Yes,13,3,3,1,10,3,3,7,7,1,7,2213.0,0.7,1.0,1.0,0.14285714285714285,0
32,Travel_Rarely,414,Sales,2,4,Marketing,3,Male,82,2,2,Sales Executive,2,Single,9907,26186,7,Yes,12,3,3,0,7,3,2,2,2,2,2,4953.5,0.2857142857142857,1.0,1.0,1.0,1
25,Travel_Frequently,599,Sales,24,1,Life Sciences,3,Male,73,1,1,Sales Representative,4,Single,1118,8040,1,Yes,14,3,4,0,1,4,3,1,0,1,0,1118.0,1.0,0.0,0.0,1.0,1
44,Travel_Rarely,1112,Human Resources,1,4,Life Sciences,1,Female,50,2,2,Human Resources,3,Single,5985,26894,4,No,11,3,2,0,10,1,4,2,2,0,2,2992.5,0.2,1.0,1.0,0.0,0
31,Travel_Frequently,1125,Sales,7,4,Marketing,1,Female,68,3,3,Sales Executive,1,Married,9637,8277,2,No,14,3,4,2,9,3,3,3,2,2,2,3212.3333333333335,0.3333333333333333,0.6666666666666666,0.6666666666666666,0.6666666666666666,0
48,Travel_Frequently,708,Sales,7,2,Medical,4,Female,95,3,1,Sales Representative,3,Married,2655,11740,2,Yes,11,3,3,2,19,3,3,9,7,7,7,2655.0,0.47368421052631576,0.7777777777777778,0.7777777777777778,0.7777777777777778,1
34,Non-Travel,1065,Sales,23,4,Marketing,2,Male,72,3,2,Sales Executive,3,Single,4568,10034,0,No,20,4,3,0,10,2,3,9,5,8,7,2284.0,0.9,0.5555555555555556,0.7777777777777778,0.8888888888888888,0
30,Travel_Rarely,201,Research & Development,5,3,Technical Degree,4,Female,84,3,1,Research Scientist,1,Divorced,3204,10415,5,No,14,3,4,1,8,3,3,3,2,2,2,3204.0,0.375,0.6666666666666666,0.6666666666666666,0.6666666666666666,0
29,Travel_Rarely,805,Research & Development,1,2,Life Sciences,2,Female,36,2,1,Laboratory Technician,1,Married,2319,6689,1,Yes,11,3,4,1,1,1,3,1,0,0,0,2319.0,1.0,0.0,0.0,0.0,1
27,Travel_Frequently,1337,Human Resources,22,3,Human Resources,1,Female,58,2,1,Human Resources,2,Married,2863,19555,1,No,12,3,1,0,1,2,3,1,0,0,0,2863.0,1.0,0.0,0.0,0.0,1
29,Non-Travel,746,Sales,2,3,Life Sciences,4,Male,61,3,2,Sales Executive,3,Married,4649,16928,1,No,14,3,1,1,4,3,2,4,3,0,2,2324.5,1.0,0.75,0.5,0.0,0
34,Non-Travel,1362,Sales,19,3,Marketing,1,Male,67,4,2,Sales Executive,4,Single,5304,4652,8,Yes,13,3,2,0,9,3,2,5,2,0,4,2652.0,0.5555555555555556,0.4,0.8,0.0,1
32,Travel_Frequently,1125,Research & Development,16,1,Life Sciences,2,Female,72,1,1,Research Scientist,1,Single,3919,4681,1,Yes,22,4,2,0,10,5,3,10,2,6,7,3919.0,1.0,0.2,0.7,0.6,1
32,Travel_Frequently,689,Sales,9,2,Medical,4,Male,35,1,2,Sales Executive,4,Divorced,4668,22812,0,No,17,3,4,3,9,2,4,8,7,0,7,2334.0,0.8888888888888888,0.875,0.875,0.0,0
25,Travel_Rarely,882,Research & Development,19,1,Medical,4,Male,67,3,1,Laboratory Technician,4,Married,3669,9075,3,No,11,3,3,3,7,6,2,3,2,1,2,3669.0,0.42857142857142855,0.6666666666666666,0.6666666666666666,0.3333333333333333,0
35,Travel_Frequently,944,Sales,1,3,Marketing,3,Female,92,3,3,Sales Executive,3,Single,8789,9096,1,No,14,3,1,0,10,3,4,10,7,0,8,2929.6666666666665,1.0,0.7,0.8,0.0,0
31,Travel_Rarely,1082,Research & Development,1,4,Medical,3,Male,87,3,1,Research Scientist,2,Single,2501,18775,1,No,17,3,2,0,1,4,3,1,1,1,0,2501.0,1.0,1.0,0.0,1.0,0
27,Travel_Rarely,1420,Sales,2,1,Marketing,3,Male,85,3,1,Sales Representative,1,Divorced,3041,16346,0,No,11,3,2,1,5,3,3,4,3,0,2,3041.0,0.8,0.75,0.5,0.0,1
34,Travel_Frequently,296,Sales,6,2,Marketing,4,Female,33,1,1,Sales Representative,3,Divorced,2351,12253,0,No,16,3,4,1,3,3,2,2,2,1,0,2351.0,0.6666666666666666,1.0,0.0,0.5,1
50,Travel_Rarely,939,Research & Development,24,3,Life Sciences,4,Male,95,3,4,Manufacturing Director,3,Married,13973,4161,3,Yes,18,3,4,1,22,2,3,12,11,1,5,3493.25,0.5454545454545454,0.9166666666666666,0.4166666666666667,0.08333333333333333,0
42,Travel_Frequently,481,Sales,12,3,Life Sciences,3,Male,44,3,4,Sales Executive,1,Single,13758,2447,0,Yes,12,3,2,0,22,2,2,21,9,13,14,3439.5,0.9545454545454546,0.42857142857142855,0.6666666666666666,0.6190476190476191,1
35,Travel_Rarely,104,Research & Development,2,3,Life Sciences,1,Female,69,3,1,Laboratory Technician,1,Divorced,2074,26619,1,Yes,12,3,4,1,1,2,3,1,0,0,0,2074.0,1.0,0.0,0.0,0.0,1
49,Travel_Rarely,1184,Sales,11,3,Marketing,3,Female,43,3,3,Sales Executive,4,Married,7654,5860,1,No,18,3,1,2,9,3,4,9,8,7,7,2551.3333333333335,1.0,0.8888888888888888,0.7777777777777778,0.7777777777777778,1
41,Travel_Frequently,143,Sales,4,3,Marketing,1,Male,56,3,2,Sales Executive,2,Single,9355,9558,1,No,18,3,3,0,8,5,3,8,7,7,7,4677.5,1.0,0.875,0.875,0.875,1
31,Travel_Rarely,218,Sales,7,3,Technical Degree,2,Male,100,4,2,Sales Executive,4,Married,6929,12241,4,No,11,3,2,1,10,3,2,8,7,7,7,3464.5,0.8,0.875,0.875,0.875,0
35,Travel_Rarely,817,Research & Development,1,3,Medical,4,Female,60,2,2,Laboratory Technician,4,Married,5363,10846,0,No,12,3,2,1,10,0,3,9,7,0,0,2681.5,0.9,0.7777777777777778,0.0,0.0,0
36,Travel_Rarely,1218,Sales,9,4,Life Sciences,3,Male,82,2,1,Sales Representative,1,Single,3407,6986,7,No,23,4,2,0,10,4,3,5,3,0,3,3407.0,0.5,0.6,0.6,0.0,1
31,Travel_Rarely,1079,Sales,16,4,Marketing,1,Male,70,3,3,Sales Executive,3,Married,8161,19002,2,No,13,3,1,3,10,2,3,1,0,0,0,2720.3333333333335,0.1,0.0,0.0,0.0,1
18,Travel_Rarely,230,Research & Development,3,3,Life Sciences,3,Male,54,3,1,Laboratory Technician,3,Single,1420,25233,1,No,13,3,3,0,0,2,3,0,0,0,0,1420.0,0.0,0.0,0.0,0.0,1
32,Travel_Rarely,859,Research & Development,4,3,Life Sciences,3,Female,98,2,2,Manufacturing Director,3,Married,6162,19124,1,No,12,3,3,1,14,3,3,14,13,6,8,3081.0,1.0,0.9285714285714286,0.5714285714285714,0.42857142857142855,0
59,Travel_Rarely,818,Human Resources,6,2,Medical,2,Male,52,3,1,Human Resources,3,Married,2267,25657,8,No,17,3,4,0,7,2,2,2,2,2,2,2267.0,0.2857142857142857,1.0,1.0,1.0,0
43,Travel_Rarely,1273,Research & Development,2,2,Medical,4,Female,72,4,1,Research Scientist,3,Divorced,2645,21923,1,No,12,3,4,2,6,3,2,5,3,1,4,2645.0,0.8333333333333334,0.6,0.8,0.2,0
58,Travel_Frequently,781,Research & Development,2,1,Life Sciences,4,Male,57,2,1,Laboratory Technician,4,Divorced,2380,13384,9,Yes,14,3,4,1,3,3,2,1,0,0,0,2380.0,0.3333333333333333,0.0,0.0,0.0,1
45,Travel_Rarely,252,Research & Development,1,3,Other,3,Male,70,4,5,Manager,4,Married,19202,15970,0,No,11,3,3,1,25,2,3,24,0,1,7,3840.4,0.96,0.0,0.2916666666666667,0.041666666666666664,0
37,Travel_Frequently,504,Research & Development,10,3,Medical,1,Male,61,3,3,Manufacturing Director,3,Divorced,10048,22573,6,No,11,3,2,2,17,5,3,1,0,0,0,3349.3333333333335,0.058823529411764705,0.0,0.0,0.0,1
26,Non-Travel,265,Sales,29,2,Medical,2,Male,79,1,2,Sales Executive,1,Single,4969,21813,8,No,18,3,4,0,7,6,3,2,2,2,2,2484.5,0.2857142857142857,1.0,1.0,1.0,1
32,Travel_Rarely,588,Sales,8,2,Technical Degree,3,Female,65,2,2,Sales Executive,2,Married,5228,24624,1,Yes,11,3,4,0,13,2,3,13,12,11,9,2614.0,1.0,0.9230769230769231,0.6923076923076923,0.8461538461538461,0
34,Travel_Rarely,1480,Sales,4,3,Life Sciences,3,Male,64,3,3,Sales Executive,4,Married,9713,24444,2,Yes,13,3,4,3,9,3,3,5,3,1,0,3237.6666666666665,0.5555555555555556,0.6,0.0,0.2,0
31,Travel_Frequently,715,Sales,2,4,Other,4,Male,54,3,2,Sales Executive,1,Single,5332,21602,7,No,13,3,4,0,10,3,3,5,2,0,3,2666.0,0.5,0.4,0.6,0.0,0
36,Travel_Frequently,1195,Research & Development,11,3,Life Sciences,2,Male,95,2,2,Manufacturing Director,2,Single,6499,22656,1,No,13,3,3,0,6,3,3,6,5,0,3,3249.5,1.0,0.8333333333333334,0.5,0.0,0
40,Travel_Rarely,1202,Research & Development,2,1,Medical,2,Female,89,4,2,Healthcare Representative,3,Divorced,6377,13888,5,No,20,4,2,3,15,0,3,12,11,11,8,3188.5,0.8,0.9166666666666666,0.6666666666666666,0.9166666666666666,0
34,Travel_Rarely,1031,Research & Development,6,4,Life Sciences,3,Female,45,2,2,Research Scientist,2,Divorced,4505,15000,6,No,15,3,3,1,12,3,3,1,0,0,0,2252.5,0.08333333333333333,0.0,0.0,0.0,0
28,Travel_Rarely,890,Research & Development,2,4,Medical,3,Male,46,3,1,Research Scientist,3,Single,4382,16374,6,No,17,3,4,0,5,3,2,2,2,2,1,4382.0,0.4,1.0,0.5,1.0,1
37,Travel_Rarely,1141,Research & Development,11,2,Medical,1,Female,61,1,2,Healthcare Representative,2,Married,4777,14382,5,No,15,3,1,0,15,2,1,1,0,0,0,2388.5,0.06666666666666667,0.0,0.0,0.0,1
33,Travel_Rarely,118,Sales,16,3,Marketing,1,Female,69,3,2,Sales Executive,1,Single,5324,26507,5,No,15,3,3,0,6,3,3,3,2,0,2,2662.0,0.5,0.6666666666666666,0.6666666666666666,0.0,1
28,Travel_Rarely,1485,Research & Development,12,1,Life Sciences,3,Female,79,3,1,Laboratory Technician,4,Married,2515,22955,1,Yes,11,3,4,0,1,4,2,1,1,0,0,2515.0,1.0,1.0,0.0,0.0,1
32,Travel_Rarely,374,Research & Development,25,4,Life Sciences,1,Male,87,3,1,Laboratory Technician,4,Single,2795,18016,1,Yes,24,4,3,0,1,2,1,1,0,0,1,2795.0,1.0,0.0,1.0,0.0,1
30,Travel_Frequently,160,Research & Development,3,3,Medical,3,Female,71,3,1,Research Scientist,3,Divorced,2083,22653,1,No,20,4,3,1,1,2,3,1,0,0,0,2083.0,1.0,0.0,0.0,0.0,0
30,Travel_Rarely,413,Sales,7,1,Marketing,4,Male,57,3,1,Sales Representative,2,Single,2983,18398,0,No,14,3,1,0,4,3,3,3,2,1,2,2983.0,0.75,0.6666666666666666,0.6666666666666666,0.3333333333333333,0
33,Travel_Frequently,515,Research & Development,1,2,Life Sciences,1,Female,98,3,3,Research Director,4,Single,13458,15146,1,Yes,12,3,3,0,15,1,3,15,14,8,12,4486.0,1.0,0.9333333333333333,0.8,0.5333333333333333,0
29,Travel_Frequently,337,Research & Development,14,1,Other,3,Female,84,3,3,Healthcare Representative,4,Single,7553,22930,0,Yes,12,3,1,0,9,1,3,8,7,7,7,2517.6666666666665,0.8888888888888888,0.875,0.875,0.875,1
26,Travel_Rarely,1146,Sales,8,3,Technical Degree,4,Male,38,2,2,Sales Executive,1,Single,5326,3064,6,No,17,3,3,0,6,2,2,4,3,1,2,2663.0,0.6666666666666666,0.75,0.5,0.25,1
41,Travel_Rarely,1356,Sales,20,2,Marketing,2,Female,70,3,1,Sales Representative,2,Single,3140,21728,1,Yes,22,4,4,0,4,5,2,4,3,0,2,3140.0,1.0,0.75,0.5,0.0,1
39,Travel_Frequently,203,Research & Development,2,3,Life Sciences,1,Male,84,3,4,Healthcare Representative,4,Divorced,12169,13547,7,No,11,3,4,3,21,4,3,18,7,11,5,3042.25,0.8571428571428571,0.3888888888888889,0.2777777777777778,0.6111111111111112,1
19,Travel_Rarely,489,Human Resources,2,2,Technical Degree,1,Male,52,2,1,Human Resources,4,Single,2564,18437,1,No,12,3,3,0,1,3,4,1,0,0,0,2564.0,1.0,0.0,0.0,0.0,1
23,Travel_Rarely,1320,Research & Development,8,1,Medical,4,Male,93,2,1,Laboratory Technician,3,Single,3989,20586,1,Yes,11,3,1,0,5,2,3,5,4,1,2,3989.0,1.0,0.8,0.4,0.2,1
32,Travel_Rarely,964,Sales,1,2,Life Sciences,1,Male,34,1,2,Sales Executive,2,Single,6735,12147,6,No,15,3,2,0,10,2,3,0,0,0,0,3367.5,0.0,0.0,0.0,0.0,1
20,Travel_Rarely,1097,Research & Development,11,3,Medical,4,Female,98,2,1,Research Scientist,1,Single,2600,18275,1,Yes,15,3,1,0,1,2,3,1,0,0,0,2600.0,1.0,0.0,0.0,0.0,1
26,Travel_Rarely,1330,Research & Development,21,3,Medical,1,Male,37,3,1,Laboratory Technician,3,Divorced,2377,19373,1,No,20,4,3,1,1,0,2,1,1,0,0,2377.0,1.0,1.0,0.0,0.0,1
40,Travel_Rarely,804,Research & Development,2,1,Medical,4,Female,86,2,1,Research Scientist,4,Single,2342,22929,0,Yes,20,4,4,0,5,2,2,4,2,2,3,2342.0,0.8,0.5,0.75,0.5,0
44,Travel_Rarely,625,Research & Development,4,3,Medical,4,Male,50,3,2,Healthcare Representative,2,Single,5933,5197,9,No,12,3,4,0,10,2,2,5,2,2,3,2966.5,0.5,0.4,0.6,0.4,0
53,Travel_Rarely,1395,Research & Development,24,4,Medical,2,Male,48,4,3,Healthcare Representative,4,Married,7005,3458,3,No,15,3,3,0,11,2,3,4,3,1,2,2335.0,0.36363636363636365,0.75,0.5,0.25,0
27,Travel_Rarely,728,Sales,23,1,Medical,2,Female,36,2,2,Sales Representative,3,Married,3540,7018,1,No,21,4,4,1,9,5,3,9,8,5,8,1770.0,1.0,0.8888888888888888,0.8888888888888888,0.5555555555555556,0
36,Travel_Rarely,530,Sales,2,4,Life Sciences,3,Female,51,3,2,Sales Representative,4,Single,4502,7439,3,No,15,3,3,0,17,2,2,13,7,6,7,2251.0,0.7647058823529411,0.5384615384615384,0.5384615384615384,0.46153846153846156,0
28,Travel_Rarely,1434,Research & Development,5,4,Technical Degree,3,Male,50,3,1,Laboratory Technician,3,Single,3441,11179,1,Yes,13,3,3,0,2,3,2,2,2,2,2,3441.0,1.0,1.0,1.0,1.0,1
28,Travel_Rarely,103,Research & Development,24,3,Life Sciences,3,Male,50,2,1,Laboratory Technician,3,Single,2028,12947,5,Yes,14,3,2,0,6,4,3,4,2,0,3,2028.0,0.6666666666666666,0.5,0.75,0.0,1
26,Travel_Frequently,426,Human Resources,17,4,Life Sciences,2,Female,58,3,1,Human Resources,3,Divorced,2741,22808,0,Yes,11,3,2,1,8,2,2,7,7,1,0,2741.0,0.875,1.0,0.0,0.14285714285714285,1
56,Travel_Rarely,441,Research & Development,14,4,Life Sciences,2,Female,72,3,1,Research Scientist,2,Married,4963,4510,9,Yes,18,3,1,3,7,2,3,5,4,4,3,4963.0,0.7142857142857143,0.8,0.6,0.8,1
33,Travel_Frequently,827,Research & Development,1,4,Other,3,Female,84,4,2,Healthcare Representative,2,Married,5488,20161,1,Yes,13,3,1,1,6,2,3,6,5,1,2,2744.0,1.0,0.8333333333333334,0.3333333333333333,0.16666666666666666,0
39,Travel_Rarely,613,Research & Development,6,1,Medical,4,Male,42,2,3,Healthcare Representative,1,Married,9991,21457,4,No,15,3,1,1,9,5,3,7,7,1,7,3330.3333333333335,0.7777777777777778,1.0,1.0,0.14285714285714285,0
25,Travel_Rarely,180,Research & Development,2,1,Medical,1,Male,65,4,1,Research Scientist,1,Single,3424,21632,7,No,13,3,3,0,6,3,2,4,3,0,1,3424.0,0.6666666666666666,0.75,0.25,0.0,0
40,Travel_Rarely,299,Sales,25,4,Marketing,4,Male,57,2,3,Sales Executive,2,Single,9094,17235,2,Yes,12,3,3,0,9,2,3,5,4,1,0,3031.3333333333335,0.5555555555555556,0.8,0.0,0.2,1
27,Travel_Rarely,1157,Research & Development,17,3,Technical Degree,3,Male,51,3,1,Research Scientist,2,Married,3058,13364,0,Yes,16,3,4,1,6,3,2,5,2,1,1,3058.0,0.8333333333333334,0.4,0.2,0.2,0
37,Travel_Rarely,309,Sales,10,4,Life Sciences,4,Female,88,2,2,Sales Executive,4,Divorced,6694,24223,2,Yes,14,3,3,3,8,5,3,1,0,0,0,3347.0,0.125,0.0,0.0,0.0,0
44,Travel_Rarely,1117,Research & Development,2,1,Life Sciences,1,Female,72,4,1,Research Scientist,4,Married,2011,19982,1,No,13,3,4,1,10,5,3,10,5,7,7,2011.0,1.0,0.5,0.7,0.7,0
30,Travel_Frequently,721,Research & Development,1,2,Medical,3,Female,58,3,2,Laboratory Technician,4,Single,4011,10781,1,No,23,4,4,0,12,2,3,12,8,3,7,2005.5,1.0,0.6666666666666666,0.5833333333333334,0.25,0
44,Travel_Rarely,1097,Research & Development,10,4,Life Sciences,3,Male,96,3,1,Research Scientist,3,Single,2936,10826,1,Yes,11,3,3,0,6,4,3,6,4,0,2,2936.0,1.0,0.6666666666666666,0.3333333333333333,0.0,1
20,Travel_Frequently,769,Sales,9,3,Marketing,4,Female,54,3,1,Sales Representative,4,Single,2323,17205,1,Yes,14,3,2,0,2,3,3,2,2,0,2,2323.0,1.0,1.0,1.0,0.0,1
31,Travel_Frequently,561,Research & Development,3,3,Life Sciences,4,Female,33,3,1,Research Scientist,3,Single,4084,4156,1,No,12,3,1,0,7,2,1,7,2,7,7,4084.0,1.0,0.2857142857142857,1.0,1.0,1
51,Travel_Rarely,1178,Sales,14,2,Life Sciences,3,Female,87,3,2,Sales Executive,4,Married,4936,14862,4,No,11,3,3,1,18,2,2,7,7,0,7,2468.0,0.3888888888888889,1.0,1.0,0.0,0
51,Travel_Rarely,432,Research & Development,9,4,Life Sciences,4,Male,96,3,1,Laboratory Technician,4,Married,2075,18725,3,No,23,4,2,2,10,4,3,4,2,0,3,2075.0,0.4,0.5,0.75,0.0,0
35,Travel_Frequently,130,Research & Development,25,4,Life Sciences,4,Female,96,3,1,Research Scientist,2,Divorced,2022,16612,1,Yes,19,3,1,1,10,3,2,10,2,7,8,2022.0,1.0,0.2,0.8,0.7,1
21,Travel_Rarely,1334,Research & Development,10,3,Life Sciences,3,Female,36,2,1,Laboratory Technician,1,Single,1416,17258,1,No,13,3,1,0,1,6,2,1,0,1,0,1416.0,1.0,0.0,0.0,1.0,1
28,Travel_Rarely,1157,Research & Development,2,4,Medical,1,Male,84,1,1,Research Scientist,4,Married,3464,24737,5,Yes,13,3,4,0,5,4,2,3,2,2,2,3464.0,0.6,0.6666666666666666,0.6666666666666666,0.6666666666666666,1
18,Travel_Frequently,1306,Sales,5,3,Marketing,2,Male,69,3,1,Sales Representative,2,Single,1878,8059,1,Yes,14,3,4,0,0,3,3,0,0,0,0,1878.0,0.0,0.0,0.0,0.0,1
52,Travel_Rarely,723,Research & Development,8,4,Medical,3,Male,85,2,2,Research Scientist,2,Married,4941,17747,2,No,15,3,1,0,11,3,2,8,2,7,7,2470.5,0.7272727272727273,0.25,0.875,0.875,1
47,Travel_Frequently,1093,Sales,9,3,Life Sciences,3,Male,82,1,4,Sales Executive,3,Married,12936,24164,7,No,11,3,3,0,25,3,1,23,5,14,10,3234.0,0.92,0.21739130434782608,0.43478260869565216,0.6086956521739131,1
23,Travel_Rarely,885,Research & Development,4,3,Medical,1,Male,58,4,1,Research Scientist,1,Married,2819,8544,2,No,16,3,1,1,5,3,4,3,2,0,2,2819.0,0.6,0.6666666666666666,0.6666666666666666,0.0,0
30,Non-Travel,1398,Sales,22,4,Other,3,Female,69,3,3,Sales Executive,1,Married,8412,2890,0,No,11,3,3,0,10,3,3,9,8,7,8,2804.0,0.9,0.8888888888888888,0.8888888888888888,0.7777777777777778,0
19,Travel_Rarely,528,Sales,22,1,Marketing,4,Male,50,3,1,Sales Representative,3,Single,1675,26820,1,Yes,19,3,4,0,0,2,2,0,0,0,0,1675.0,0.0,0.0,0.0,0.0,1
47,Travel_Rarely,1180,Research & Development,25,3,Medical,1,Male,84,3,3,Healthcare Representative,3,Single,8633,13084,2,No,23,4,2,0,25,3,3,17,14,12,11,2877.6666666666665,0.68,0.8235294117647058,0.6470588235294118,0.7058823529411765,0
41,Travel_Rarely,447,Research & Development,5,3,Life Sciences,2,Male,85,4,2,Healthcare Representative,2,Single,6870,15530,3,No,12,3,1,0,11,3,1,3,2,1,2,3435.0,0.2727272727272727,0.6666666666666666,0.6666666666666666,0.3333333333333333,0
36,Travel_Frequently,469,Research & Development,3,3,Technical Degree,3,Male,46,3,1,Research Scientist,2,Married,3692,9256,1,No,12,3,3,0,12,2,2,11,10,0,7,3692.0,0.9166666666666666,0.9090909090909091,0.6363636363636364,0.0,0
39,Non-Travel,1251,Sales,21,4,Life Sciences,1,Female,32,1,2,Sales Executive,3,Married,5736,3987,6,No,19,3,3,1,10,1,3,3,2,1,2,2868.0,0.3,0.6666666666666666,0.6666666666666666,0.3333333333333333,0
31,Travel_Rarely,154,Sales,7,4,Life Sciences,2,Male,41,2,1,Sales Representative,3,Married,2329,11737,3,No,15,3,2,0,13,2,4,7,7,5,2,2329.0,0.5384615384615384,1.0,0.2857142857142857,0.7142857142857143,0
24,Travel_Frequently,897,Human Resources,10,3,Medical,1,Male,59,3,1,Human Resources,4,Married,2145,2097,0,No,14,3,4,1,3,2,3,2,2,2,1,2145.0,0.6666666666666666,1.0,0.5,1.0,0
36,Travel_Rarely,1174,Sales,3,4,Marketing,1,Female,99,3,2,Sales Executive,2,Single,9278,20763,3,Yes,16,3,4,0,15,3,3,5,4,0,1,4639.0,0.3333333333333333,0.8,0.2,0.0,0
29,Travel_Rarely,992,Research & Development,1,3,Technical Degree,3,Male,85,3,1,Research Scientist,3,Single,2058,19757,0,No,14,3,4,0,7,1,2,6,2,1,5,2058.0,0.8571428571428571,0.3333333333333333,0.8333333333333334,0.16666666666666666,1
43,Travel_Frequently,807,Research & Development,17,3,Technical Degree,3,Male,38,2,1,Research Scientist,3,Married,2437,15587,9,Yes,16,3,4,1,6,4,3,1,0,0,0,2437.0,0.16666666666666666,0.0,0.0,0.0,1
44,Travel_Frequently,920,Research & Development,24,3,Life Sciences,4,Male,43,3,1,Laboratory Technician,3,Divorced,3161,19920,3,Yes,22,4,4,1,19,0,1,1,0,0,0,3161.0,0.05263157894736842,0.0,0.0,0.0,1
42,Travel_Rarely,532,Research & Development,4,2,Technical Degree,3,Male,58,3,5,Manager,4,Married,19232,4933,1,No,11,3,4,0,22,3,3,22,17,11,15,3846.4,1.0,0.7727272727272727,0.6818181818181818,0.5,0
19,Travel_Rarely,303,Research & Development,2,3,Life Sciences,2,Male,47,2,1,Laboratory Technician,4,Single,1102,9241,1,No,22,4,3,0,1,3,2,1,0,1,0,1102.0,1.0,0.0,0.0,1.0,1
28,Travel_Rarely,1300,Research & Development,17,2,Medical,3,Male,79,3,2,Laboratory Technician,1,Divorced,4558,13535,1,No,12,3,4,1,10,2,3,10,0,1,8,2279.0,1.0,0.0,0.8,0.1,0
30,Travel_Frequently,334,Sales,26,4,Marketing,3,Female,52,2,2,Sales Executive,1,Single,6696,22967,5,No,15,3,3,0,9,5,2,6,3,0,1,3348.0,0.6666666666666666,0.5,0.16666666666666666,0.0,1
31,Travel_Rarely,330,Research & Development,22,4,Medical,4,Male,98,3,2,Manufacturing Director,3,Married,6179,21057,1,Yes,15,3,4,2,10,3,2,10,2,6,7,3089.5,1.0,0.2,0.7,0.6,1
26,Travel_Rarely,1449,Research & Development,16,4,Medical,1,Male,45,3,1,Laboratory Technician,2,Divorced,2373,14180,2,Yes,13,3,4,1,5,2,3,3,2,0,2,2373.0,0.6,0.6666666666666666,0.6666666666666666,0.0,1
30,Travel_Rarely,945,Sales,9,3,Medical,2,Male,89,3,1,Sales Representative,4,Single,1081,16019,1,No,13,3,3,0,1,3,2,1,0,0,0,1081.0,1.0,0.0,0.0,0.0,1
40,Travel_Rarely,1322,Research & Development,2,4,Life Sciences,3,Male,52,2,1,Research Scientist,3,Single,2809,2725,2,No,14,3,4,0,8,2,3,2,2,2,2,2809.0,0.25,1.0,1.0,1.0,0
36,Non-Travel,427,Research & Development,8,3,Life Sciences,1,Female,63,4,3,Research Director,1,Married,11713,20335,9,No,14,3,1,1,10,2,3,8,7,0,5,3904.3333333333335,0.8,0.875,0.625,0.0,0
35,Travel_Rarely,195,Sales,1,3,Medical,1,Female,80,3,2,Sales Executive,3,Single,4859,6698,1,No,16,3,4,0,5,3,3,5,4,0,3,2429.5,1.0,0.8,0.6,0.0,0
32,Travel_Rarely,1089,Research & Development,7,2,Life Sciences,4,Male,79,3,2,Laboratory Technician,3,Married,4883,22845,1,No,18,3,1,1,10,3,3,10,4,1,1,2441.5,1.0,0.4,0.1,0.1,1
39,Travel_Rarely,722,Sales,24,1,Marketing,2,Female,60,2,4,Sales Executive,4,Married,12031,8828,0,No,11,3,1,1,21,2,2,20,9,9,6,3007.75,0.9523809523809523,0.45,0.3,0.45,0
45,Travel_Rarely,561,Sales,2,3,Other,4,Male,61,3,2,Sales Executive,2,Married,4805,16177,0,No,19,3,2,1,9,3,4,8,7,3,7,2402.5,0.8888888888888888,0.875,0.875,0.375,0
30,Travel_Rarely,911,Research & Development,1,2,Medical,4,Male,76,3,1,Laboratory Technician,2,Married,3748,4077,1,No,13,3,3,0,12,6,2,12,8,1,7,3748.0,1.0,0.6666666666666666,0.5833333333333334,0.08333333333333333,0
48,Travel_Rarely,855,Research & Development,4,3,Life Sciences,4,Male,54,3,3,Manufacturing Director,4,Single,7898,18706,1,No,11,3,3,0,11,2,3,10,9,0,8,2632.6666666666665,0.9090909090909091,0.9,0.8,0.0,0
39,Travel_Rarely,1122,Research & Development,6,3,Medical,4,Male,70,3,1,Laboratory Technician,1,Married,2404,4303,7,Yes,21,4,4,0,8,2,1,2,2,2,2,2404.0,0.25,1.0,1.0,1.0,1
26,Travel_Rarely,572,Sales,10,3,Medical,3,Male,46,3,2,Sales Executive,4,Single,4684,9125,1,No,13,3,1,0,5,4,3,5,3,1,2,2342.0,1.0,0.6,0.4,0.2,0
31,Travel_Rarely,408,Research & Development,9,4,Life Sciences,3,Male,42,2,1,Research Scientist,2,Single,2657,7551,0,Yes,16,3,4,0,3,5,3,2,2,2,2,2657.0,0.6666666666666666,1.0,1.0,1.0,0
31,Travel_Frequently,1445,Research & Development,1,5,Life Sciences,3,Female,100,4,3,Manufacturing Director,2,Single,7446,8931,1,No,11,3,1,0,10,2,3,10,8,4,7,2482.0,1.0,0.8,0.7,0.4,1
40,Non-Travel,1479,Sales,24,3,Life Sciences,2,Female,100,4,4,Sales Executive,2,Single,13194,17071,4,Yes,16,3,4,0,22,2,2,1,0,0,0,3298.5,0.045454545454545456,0.0,0.0,0.0,1
22,Non-Travel,457,Research & Development,26,2,Other,2,Female,85,2,1,Research Scientist,3,Married,2814,10293,1,Yes,14,3,2,0,4,2,2,4,2,1,3,2814.0,1.0,0.5,0.75,0.25,0
44,Travel_Rarely,621,Research & Development,15,3,Medical,1,Female,73,3,3,Healthcare Representative,4,Married,7978,14075,1,No,11,3,4,1,10,2,3,10,7,0,5,2659.3333333333335,1.0,0.7,0.5,0.0,1
41,Travel_Rarely,1360,Research & Development,12,3,Technical Degree,2,Female,49,3,5,Research Director,3,Married,19545,16280,1,No,12,3,4,0,23,0,3,22,15,15,8,3909.0,0.9565217391304348,0.6818181818181818,0.36363636363636365,0.6818181818181818,1
58,Travel_Rarely,289,Research & Development,2,3,Technical Degree,4,Male,51,3,1,Research Scientist,3,Single,2479,26227,4,No,24,4,1,0,7,4,3,1,0,0,0,2479.0,0.14285714285714285,0.0,0.0,0.0,1
58,Travel_Rarely,147,Research & Development,23,4,Medical,4,Female,94,3,3,Healthcare Representative,4,Married,10312,3465,1,No,12,3,4,1,40,3,2,40,10,15,6,3437.3333333333335,1.0,0.25,0.15,0.375,1
25,Non-Travel,675,Research & Development,5,2,Life Sciences,2,Male,85,4,2,Healthcare Representative,1,Divorced,4000,18384,1,No,12,3,4,2,6,2,3,6,3,1,5,2000.0,1.0,0.5,0.8333333333333334,0.16666666666666666,0
31,Travel_Rarely,1365,Sales,13,4,Medical,2,Male,46,3,2,Sales Executive,1,Divorced,4233,11512,2,No,17,3,3,0,9,2,1,3,1,1,2,2116.5,0.3333333333333333,0.3333333333333333,0.6666666666666666,0.3333333333333333,1
21,Travel_Frequently,756,Sales,1,1,Technical Degree,1,Female,99,2,1,Sales Representative,2,Single,2174,9150,1,Yes,11,3,3,0,3,3,3,3,2,1,2,2174.0,1.0,0.6666666666666666,0.6666666666666666,0.3333333333333333,1
25,Travel_Rarely,1219,Research & Development,4,1,Technical Degree,4,Male,32,3,1,Laboratory Technician,4,Married,3691,4605,1,Yes,15,3,2,1,7,3,4,7,7,5,6,3691.0,1.0,1.0,0.8571428571428571,0.7142857142857143,1
31,Travel_Rarely,1062,Research & Development,24,3,Medical,3,Female,96,2,2,Healthcare Representative,1,Single,6812,17198,1,No,19,3,2,0,10,2,3,10,9,1,8,3406.0,1.0,0.9,0.8,0.1,0
30,Travel_Rarely,921,Research & Development,1,3,Life Sciences,4,Male,38,1,1,Laboratory Technician,3,Married,3833,24375,3,No,21,4,3,2,7,2,3,2,2,0,2,3833.0,0.2857142857142857,1.0,1.0,0.0,0
35,Travel_Rarely,763,Sales,15,2,Medical,1,Male,59,1,2,Sales Executive,4,Divorced,5440,22098,6,Yes,14,3,4,2,7,2,2,2,2,2,2,2720.0,0.2857142857142857,1.0,1.0,1.0,1
29,Travel_Rarely,1328,Research & Development,2,3,Life Sciences,3,Male,76,3,1,Research Scientist,2,Married,2703,4956,0,No,23,4,4,1,6,3,3,5,4,0,4,2703.0,0.8333333333333334,0.8,0.8,0.0,0
47,Travel_Rarely,955,Sales,4,2,Life Sciences,4,Female,83,3,2,Sales Executive,4,Single,4163,8571,1,Yes,17,3,3,0,9,0,3,9,0,0,7,2081.5,1.0,0.0,0.7777777777777778,0.0,0
21,Travel_Rarely,337,Sales,7,1,Marketing,2,Male,31,3,1,Sales Representative,2,Single,2679,4567,1,No,13,3,2,0,1,3,3,1,0,1,0,2679.0,1.0,0.0,0.0,1.0,1
28,Travel_Frequently,193,Research & Development,2,3,Life Sciences,4,Male,52,2,1,Laboratory Technician,4,Married,3867,14222,1,Yes,12,3,2,1,2,2,3,2,2,2,2,3867.0,1.0,1.0,1.0,1.0,0
58,Travel_Rarely,286,Research & Development,2,4,Life Sciences,4,Male,31,3,5,Research Director,2,Single,19246,25761,7,Yes,12,3,4,0,40,2,3,31,15,13,8,3849.2,0.775,0.4838709677419355,0.25806451612903225,0.41935483870967744,1
18,Travel_Frequently,544,Sales,3,2,Medical,2,Female,70,3,1,Sales Representative,4,Single,1569,18420,1,Yes,12,3,3,0,0,2,4,0,0,0,0,1569.0,0.0,0.0,0.0,0.0,1
50,Travel_Rarely,869,Sales,3,2,Marketing,1,Male,86,2,1,Sales Representative,3,Married,2683,3810,1,Yes,14,3,3,0,3,2,3,3,2,0,2,2683.0,1.0,0.6666666666666666,0.6666666666666666,0.0,1
22,Travel_Rarely,391,Research & Development,7,1,Life Sciences,4,Male,75,3,1,Research Scientist,2,Single,2472,26092,1,Yes,23,4,1,0,1,2,3,1,0,0,0,2472.0,1.0,0.0,0.0,0.0,1
42,Travel_Rarely,557,Research & Development,18,4,Life Sciences,4,Male,35,3,2,Research Scientist,1,Divorced,5410,11189,6,Yes,17,3,3,1,9,3,2,4,3,1,2,2705.0,0.4444444444444444,0.75,0.5,0.25,0
35,Travel_Frequently,880,Sales,12,4,Other,4,Male,36,3,2,Sales Executive,4,Single,4581,10414,3,Yes,24,4,1,0,13,2,4,11,9,6,7,2290.5,0.8461538461538461,0.8181818181818182,0.6363636363636364,0.5454545454545454,1
31,Non-Travel,979,Research & Development,1,4,Medical,3,Male,90,1,2,Manufacturing Director,3,Married,4345,4381,0,No,12,3,4,1,6,2,3,5,4,1,4,2172.5,0.8333333333333334,0.8,0.8,0.2,0
23,Travel_Rarely,1309,Research & Development,26,1,Life Sciences,3,Male,83,3,1,Research Scientist,4,Divorced,2904,16092,1,No,12,3,3,2,4,2,2,4,2,0,2,2904.0,1.0,0.5,0.5,0.0,0
27,Non-Travel,210,Sales,1,1,Marketing,3,Male,73,3,2,Sales Executive,2,Married,6349,22107,0,Yes,13,3,4,1,6,0,3,5,4,1,4,3174.5,0.8333333333333334,0.8,0.8,0.2,0
32,Travel_Rarely,515,Research & Development,1,3,Life Sciences,4,Male,62,2,1,Laboratory Technician,3,Single,3730,9571,0,Yes,14,3,4,0,4,2,1,3,2,1,2,3730.0,0.75,0.6666666666666666,0.6666666666666666,0.3333333333333333,1
31,Travel_Rarely,542,Sales,20,3,Life Sciences,2,Female,71,1,2,Sales Executive,3,Married,4559,24788,3,Yes,11,3,3,1,4,2,3,2,2,2,2,2279.5,0.5,1.0,1.0,1.0,1
49,Travel_Frequently,1064,Research & Development,2,1,Life Sciences,2,Male,42,3,5,Research Director,4,Married,19161,13738,3,No,15,3,4,0,28,3,3,5,4,4,3,3832.2,0.17857142857142858,0.8,0.6,0.8,0
47,Travel_Rarely,249,Sales,2,2,Marketing,3,Female,35,3,2,Sales Executive,4,Married,4537,17783,0,Yes,22,4,1,1,8,2,3,7,6,7,7,2268.5,0.875,0.8571428571428571,1.0,1.0,0
40,Travel_Frequently,720,Research & Development,16,4,Medical,1,Male,51,2,2,Laboratory Technician,3,Single,5094,11983,6,No,14,3,4,0,10,6,3,1,0,0,0,2547.0,0.1,0.0,0.0,0.0,0
35,Travel_Rarely,882,Sales,3,4,Life Sciences,4,Male,92,3,3,Sales Executive,4,Divorced,7823,6812,6,No,13,3,2,1,12,2,3,10,9,0,8,2607.6666666666665,0.8333333333333334,0.9,0.8,0.0,0
26,Travel_Rarely,157,Research & Development,1,3,Medical,3,Male,95,3,1,Laboratory Technician,1,Single,2867,20006,0,No,13,3,4,0,8,6,2,7,7,7,6,2867.0,0.875,1.0,0.8571428571428571,1.0,0
42,Travel_Rarely,201,Research & Development,1,4,Life Sciences,2,Female,95,3,1,Laboratory Technician,1,Divorced,2576,20490,3,No,16,3,2,1,8,5,3,5,2,1,2,2576.0,0.625,0.4,0.4,0.2,0
31,Travel_Frequently,307,Research & Development,29,2,Medical,3,Male,71,2,1,Laboratory Technician,2,Single,3479,11652,0,No,11,3,2,0,6,2,4,5,4,1,4,3479.0,0.8333333333333334,0.8,0.8,0.2,1
45,Non-Travel,1052,Sales,6,3,Medical,4,Female,57,2,3,Sales Executive,4,Single,8865,16840,6,No,12,3,4,0,23,2,3,19,7,12,8,2955.0,0.8260869565217391,0.3684210526315789,0.42105263157894735,0.631578947368421,0
26,Travel_Rarely,920,Human Resources,20,2,Medical,4,Female,69,3,1,Human Resources,2,Married,2148,6889,0,Yes,11,3,3,0,6,3,3,5,1,1,4,2148.0,0.8333333333333334,0.2,0.8,0.2,1
43,Travel_Rarely,531,Sales,4,4,Marketing,4,Female,56,2,3,Sales Executive,4,Single,10231,20364,3,No,14,3,4,0,23,3,4,21,7,15,17,3410.3333333333335,0.9130434782608695,0.3333333333333333,0.8095238095238095,0.7142857142857143,0
28,Travel_Rarely,895,Research & Development,15,2,Life Sciences,1,Male,50,3,1,Laboratory Technician,3,Divorced,2207,22482,1,No,16,3,4,1,4,5,2,4,2,2,2,2207.0,1.0,0.5,0.5,0.5,0
33,Travel_Rarely,1017,Research & Development,25,3,Medical,1,Male,55,2,1,Research Scientist,2,Single,2313,2993,4,Yes,20,4,2,0,5,0,3,2,2,2,2,2313.0,0.4,1.0,1.0,1.0,1
30,Travel_Rarely,138,Research & Development,22,3,Life Sciences,1,Female,48,3,1,Research Scientist,3,Married,2132,11539,4,Yes,11,3,2,0,7,2,3,5,2,0,1,2132.0,0.7142857142857143,0.4,0.2,0.0,1
38,Travel_Rarely,1180,Research & Development,29,1,Medical,2,Male,70,3,2,Healthcare Representative,1,Married,6673,11354,7,Yes,19,3,2,0,17,2,3,1,0,0,0,3336.5,0.058823529411764705,0.0,0.0,0.0,1
32,Travel_Rarely,1259,Research & Development,2,4,Life Sciences,4,Male,95,3,1,Laboratory Technician,2,Single,1393,24852,1,No,12,3,1,0,1,2,3,1,0,0,0,1393.0,1.0,0.0,0.0,0.0,1
50,Travel_Frequently,878,Sales,1,4,Life Sciences,2,Male,94,3,2,Sales Executive,3,Divorced,6728,14255,7,No,12,3,4,2,12,3,3,6,3,0,1,3364.0,0.5,0.5,0.16666666666666666,0.0,1
40,Travel_Frequently,580,Sales,5,4,Life Sciences,4,Male,48,2,3,Sales Executive,1,Married,10475,23772,5,Yes,21,4,3,1,20,2,3,18,13,1,12,3491.6666666666665,0.9,0.7222222222222222,0.6666666666666666,0.05555555555555555,0
36,Travel_Rarely,1456,Sales,13,5,Marketing,2,Male,96,2,2,Sales Executive,1,Divorced,6134,8658,5,Yes,13,3,2,3,16,3,3,2,2,2,2,3067.0,0.125,1.0,1.0,1.0,1
19,Travel_Rarely,419,Sales,21,3,Other,4,Male,37,2,1,Sales Representative,2,Single,2121,9947,1,Yes,13,3,2,0,1,3,4,1,0,0,0,2121.0,1.0,0.0,0.0,0.0,1
32,Travel_Frequently,585,Research & Development,10,3,Life Sciences,1,Male,56,3,1,Research Scientist,3,Married,3433,17360,6,No,13,3,1,1,10,3,2,5,2,1,3,3433.0,0.5,0.4,0.6,0.2,0
32,Travel_Frequently,238,Research & Development,5,2,Life Sciences,1,Female,47,4,1,Research Scientist,3,Single,2432,15318,3,Yes,14,3,1,0,8,2,3,4,1,0,3,2432.0,0.5,0.25,0.75,0.0,1
46,Travel_Rarely,261,Research & Development,21,2,Medical,4,Female,66,3,2,Healthcare Representative,2,Married,8926,10842,4,No,22,4,4,1,13,2,4,9,7,3,7,4463.0,0.6923076923076923,0.7777777777777778,0.7777777777777778,0.3333333333333333,1
37,Travel_Frequently,1278,Sales,1,4,Medical,3,Male,31,1,2,Sales Executive,4,Divorced,9525,7677,1,No,14,3,3,2,6,2,2,6,3,1,3,4762.5,1.0,0.5,0.5,0.16666666666666666,0
34,Travel_Frequently,426,Research & Development,10,4,Life Sciences,3,Male,42,4,2,Manufacturing Director,4,Divorced,4724,17000,1,No,13,3,1,1,9,3,3,9,7,7,2,2362.0,1.0,0.7777777777777778,0.2222222222222222,0.7777777777777778,0
38,Travel_Rarely,371,Research & Development,2,3,Life Sciences,4,Male,45,3,1,Research Scientist,4,Single,3944,4306,5,Yes,11,3,3,0,6,3,3,3,2,1,2,3944.0,0.5,0.6666666666666666,0.6666666666666666,0.3333333333333333,0
36,Travel_Rarely,711,Research & Development,5,4,Life Sciences,2,Female,42,3,3,Healthcare Representative,1,Married,8008,22792,4,No,12,3,3,2,9,6,3,3,2,0,2,2669.3333333333335,0.3333333333333333,0.6666666666666666,0.6666666666666666,0.0,0
55,Travel_Rarely,725,Research & Development,2,3,Medical,4,Male,78,3,5,Manager,1,Married,19859,21199,5,Yes,13,3,4,1,24,2,3,5,2,1,4,3971.8,0.20833333333333334,0.4,0.8,0.2,1
34,Travel_Frequently,234,Research & Development,9,4,Life Sciences,4,Male,93,3,2,Laboratory Technician,1,Married,5346,6208,4,No,17,3,3,1,11,3,2,7,1,0,7,2673.0,0.6363636363636364,0.14285714285714285,1.0,0.0,1
27,Travel_Rarely,135,Research & Development,17,4,Life Sciences,4,Female,51,3,1,Research Scientist,3,Single,2394,25681,1,Yes,13,3,4,0,8,2,3,8,2,7,7,2394.0,1.0,0.25,0.875,0.875,1
34,Travel_Rarely,829,Human Resources,3,2,Human Resources,3,Male,88,3,1,Human Resources,4,Married,3737,2243,0,No,19,3,3,1,4,1,1,3,2,0,2,3737.0,0.75,0.6666666666666666,0.6666666666666666,0.0,0
43,Travel_Rarely,1372,Sales,9,3,Marketing,1,Female,85,1,2,Sales Executive,3,Single,5346,9489,8,No,13,3,2,0,7,2,2,4,3,1,3,2673.0,0.5714285714285714,0.75,0.75,0.25,1
28,Travel_Frequently,1496,Sales,1,3,Technical Degree,1,Male,92,3,1,Sales Representative,3,Married,2909,15747,3,No,15,3,4,1,5,3,4,3,2,1,2,2909.0,0.6,0.6666666666666666,0.6666666666666666,0.3333333333333333,1
46,Non-Travel,849,Sales,26,2,Life Sciences,2,Male,98,2,2,Sales Executive,2,Single,7991,25166,8,No,15,3,3,0,6,3,3,2,2,2,2,3995.5,0.3333333333333333,1.0,1.0,1.0,0
26,Travel_Frequently,342,Research & Development,2,3,Life Sciences,1,Male,57,3,1,Research Scientist,1,Married,2042,15346,6,Yes,14,3,2,1,6,2,3,3,2,1,2,2042.0,0.5,0.6666666666666666,0.6666666666666666,0.3333333333333333,1
31,Travel_Rarely,192,Research & Development,2,4,Life Sciences,3,Male,32,3,1,Research Scientist,4,Divorced,2695,7747,0,Yes,18,3,2,1,3,2,1,2,2,2,2,2695.0,0.6666666666666666,1.0,1.0,1.0,0
34,Travel_Rarely,790,Sales,24,4,Medical,1,Female,40,2,2,Sales Executive,2,Single,4599,7815,0,Yes,23,4,3,0,16,2,4,15,9,10,10,2299.5,0.9375,0.6,0.6666666666666666,0.6666666666666666,1
20,Travel_Frequently,871,Research & Development,6,3,Life Sciences,4,Female,66,2,1,Laboratory Technician,4,Single,2926,19783,1,Yes,18,3,2,0,1,5,3,1,0,1,0,2926.0,1.0,0.0,0.0,1.0,1
39,Travel_Rarely,1162,Sales,3,2,Medical,4,Female,41,3,2,Sales Executive,3,Married,5238,17778,4,Yes,18,3,1,0,12,3,2,1,0,0,0,2619.0,0.08333333333333333,0.0,0.0,0.0,1
29,Travel_Rarely,341,Sales,1,3,Medical,2,Female,48,2,1,Sales Representative,3,Divorced,2800,23522,6,Yes,19,3,3,3,5,3,3,3,2,0,2,2800.0,0.6,0.6666666666666666,0.6666666666666666,0.0,1
30,Travel_Frequently,464,Research & Development,4,3,Technical Degree,3,Male,40,3,1,Research Scientist,4,Single,2285,3427,9,Yes,23,4,3,0,3,4,3,1,0,0,0,2285.0,0.3333333333333333,0.0,0.0,0.0,1
25,Travel_Rarely,240,Sales,5,3,Marketing,3,Male,46,2,2,Sales Executive,3,Single,5744,26959,1,Yes,11,3,4,0,6,1,3,6,4,0,3,2872.0,1.0,0.6666666666666666,0.5,0.0,1
44,Travel_Rarely,477,Research & Development,7,4,Medical,1,Female,42,2,3,Healthcare Representative,4,Married,10248,2094,3,No,14,3,4,1,24,4,3,22,6,5,17,3416.0,0.9166666666666666,0.2727272727272727,0.7727272727272727,0.22727272727272727,0
24,Travel_Rarely,1448,Sales,1,1,Technical Degree,1,Female,62,3,1,Sales Representative,2,Single,3202,21972,1,Yes,16,3,2,0,6,4,3,5,3,1,4,3202.0,0.8333333333333334,0.6,0.8,0.2,1
22,Travel_Frequently,1368,Research & Development,4,1,Technical Degree,3,Male,99,2,1,Laboratory Technician,3,Single,3894,9129,5,No,16,3,3,0,4,3,3,2,2,1,2,3894.0,0.5,1.0,1.0,0.5,1
32,Travel_Rarely,604,Sales,8,3,Medical,3,Male,56,4,2,Sales Executive,4,Married,6209,11693,1,No,15,3,3,2,10,4,4,10,7,0,8,3104.5,1.0,0.7,0.8,0.0,0
38,Travel_Rarely,833,Research & Development,18,3,Medical,2,Male,60,1,2,Healthcare Representative,4,Married,5811,24539,3,Yes,16,3,3,1,15,2,3,1,0,1,0,2905.5,0.06666666666666667,0.0,0.0,1.0,0
46,Travel_Rarely,377,Sales,9,3,Marketing,1,Male,52,3,3,Sales Executive,4,Divorced,10096,15986,4,No,11,3,1,1,28,1,4,7,7,4,3,3365.3333333333335,0.25,1.0,0.42857142857142855,0.5714285714285714,1
25,Travel_Rarely,867,Sales,19,2,Marketing,3,Male,36,2,1,Sales Representative,2,Married,2413,18798,1,Yes,18,3,3,3,1,2,3,1,0,0,0,2413.0,1.0,0.0,0.0,0.0,1
23,Travel_Rarely,427,Sales,7,3,Life Sciences,3,Male,99,3,1,Sales Representative,4,Divorced,2275,25103,1,Yes,21,4,2,1,3,2,3,3,2,0,2,2275.0,1.0,0.6666666666666666,0.6666666666666666,0.0,1
34,Travel_Rarely,204,Sales,14,3,Technical Degree,3,Female,31,3,1,Sales Representative,3,Divorced,2579,2912,1,Yes,18,3,4,2,8,3,3,8,2,0,6,2579.0,1.0,0.25,0.75,0.0,0
21,Travel_Frequently,251,Research & Development,10,2,Life Sciences,1,Female,45,2,1,Laboratory Technician,3,Single,2625,25308,1,No,20,4,3,0,2,2,1,2,2,2,2,2625.0,1.0,1.0,1.0,1.0,1
33,Travel_Rarely,213,Research & Development,7,3,Medical,3,Male,49,3,3,Research Director,3,Married,11691,25995,0,No,11,3,4,0,14,3,4,13,9,3,7,3897.0,0.9285714285714286,0.6923076923076923,0.5384615384615384,0.23076923076923078,0
25,Travel_Rarely,688,Research & Development,3,3,Medical,1,Male,91,3,1,Laboratory Technician,1,Married,4031,9396,5,No,13,3,3,1,6,5,3,2,2,0,2,4031.0,0.3333333333333333,1.0,1.0,0.0,1
28,Non-Travel,1366,Research & Development,24,2,Technical Degree,2,Male,72,2,3,Healthcare Representative,1,Single,8722,12355,1,No,12,3,1,0,10,2,2,10,7,1,9,2907.3333333333335,1.0,0.7,0.9,0.1,1
50,Travel_Rarely,410,Sales,28,3,Marketing,4,Male,39,2,3,Sales Executive,1,Divorced,10854,16586,4,Yes,13,3,2,1,20,3,3,3,2,2,0,3618.0,0.15,0.6666666666666666,0.0,0.6666666666666666,1
42,Travel_Rarely,300,Research & Development,2,3,Life Sciences,1,Male,56,3,5,Manager,3,Married,18880,17312,5,No,11,3,1,0,24,2,2,22,6,4,14,3776.0,0.9166666666666666,0.2727272727272727,0.6363636363636364,0.18181818181818182,0
37,Travel_Rarely,1305,Research & Development,10,4,Life Sciences,3,Male,49,3,2,Manufacturing Director,2,Single,4197,21123,2,Yes,12,3,4,0,18,2,2,1,0,0,1,2098.5,0.05555555555555555,0.0,1.0,0.0,0
29,Travel_Rarely,224,Research & Development,1,4,Technical Degree,1,Male,100,2,1,Research Scientist,1,Single,2362,7568,6,No,13,3,3,0,11,2,1,9,7,0,7,2362.0,0.8181818181818182,0.7777777777777778,0.7777777777777778,0.0,1
46,Travel_Rarely,406,Sales,3,1,Marketing,1,Male,52,3,4,Manager,3,Married,17465,15596,3,No,12,3,4,1,23,3,3,12,9,4,9,4366.25,0.5217391304347826,0.75,0.75,0.3333333333333333,0
50,Travel_Frequently,333,Research & Development,22,5,Medical,3,Male,88,1,4,Research Director,4,Single,14411,24450,1,Yes,13,3,4,0,32,2,3,32,6,13,9,3602.75,1.0,0.1875,0.28125,0.40625,0
33,Travel_Rarely,586,Sales,1,3,Medical,1,Male,48,4,2,Sales Executive,1,Divorced,4037,21816,1,No,22,4,1,1,9,5,3,9,8,0,8,2018.5,1.0,0.8888888888888888,0.8888888888888888,0.0,0
29,Travel_Rarely,350,Human Resources,13,3,Human Resources,1,Male,56,2,1,Human Resources,1,Divorced,2335,3157,4,Yes,15,3,4,3,4,3,3,2,2,2,0,2335.0,0.5,1.0,0.0,1.0,1
20,Travel_Rarely,500,Sales,2,3,Medical,3,Female,49,2,1,Sales Representative,3,Single,2044,22052,1,No,13,3,4,0,2,3,2,2,2,0,2,2044.0,1.0,1.0,1.0,0.0,1
29,Travel_Rarely,896,Research & Development,18,1,Medical,3,Male,86,2,1,Research Scientist,4,Single,2389,14961,1,Yes,13,3,3,0,4,3,2,4,3,0,1,2389.0,1.0,0.75,0.25,0.0,1
41,Non-Travel,509,Research & Development,2,4,Other,1,Female,62,2,2,Healthcare Representative,3,Single,6811,2112,2,Yes,17,3,1,0,10,3,3,8,7,0,7,3405.5,0.8,0.875,0.875,0.0,0
52,Travel_Rarely,1030,Sales,5,3,Life Sciences,2,Male,64,3,3,Sales Executive,2,Single,8446,21534,9,Yes,19,3,3,0,10,2,2,8,7,7,7,2815.3333333333335,0.8,0.875,0.875,0.875,1
40,Travel_Rarely,575,Sales,22,2,Marketing,3,Male,68,2,2,Sales Executive,3,Married,6380,6110,2,Yes,12,3,1,2,8,6,3,6,4,1,0,3190.0,0.75,0.6666666666666666,0.0,0.16666666666666666,1
24,Travel_Rarely,240,Human Resources,22,1,Human Resources,4,Male,58,1,1,Human Resources,3,Married,1555,11585,1,No,11,3,3,1,1,2,3,1,0,0,0,1555.0,1.0,0.0,0.0,0.0,1
40,Travel_Rarely,1329,Research & Development,7,3,Life Sciences,1,Male,73,3,1,Laboratory Technician,1,Single,2166,3339,3,Yes,14,3,2,0,10,3,1,4,2,0,3,2166.0,0.4,0.5,0.75,0.0,1
48,Travel_Frequently,117,Research & Development,22,3,Medical,4,Female,58,3,4,Manager,4,Divorced,17174,2437,3,No,11,3,2,1,24,3,3,22,17,4,7,4293.5,0.9166666666666666,0.7727272727272727,0.3181818181818182,0.18181818181818182,0
36,Travel_Rarely,530,Sales,3,1,Life Sciences,3,Male,51,2,3,Sales Executive,4,Married,10325,5518,1,Yes,11,3,1,1,16,6,3,16,7,3,7,3441.6666666666665,1.0,0.4375,0.4375,0.1875,1
30,Travel_Frequently,448,Sales,12,4,Life Sciences,2,Male,74,2,1,Sales Representative,1,Married,2033,14470,1,No,18,3,3,1,1,2,4,1,0,0,0,2033.0,1.0,0.0,0.0,0.0,1
42,Travel_Rarely,1396,Research & Development,6,3,Medical,3,Male,83,3,3,Research Director,1,Married,13348,14842,9,No,13,3,2,1,18,3,4,13,7,5,7,4449.333333333333,0.7222222222222222,0.5384615384615384,0.5384615384615384,0.38461538461538464,0
31,Travel_Rarely,480,Research & Development,7,2,Medical,2,Female,31,3,2,Manufacturing Director,1,Married,4306,4156,1,No,12,3,2,1,13,5,1,13,10,3,12,2153.0,1.0,0.7692307692307693,0.9230769230769231,0.23076923076923078,0
56,Travel_Rarely,310,Research & Development,7,2,Technical Degree,4,Male,72,3,1,Laboratory Technician,3,Married,2339,3666,8,No,11,3,4,1,14,4,1,10,9,9,8,2339.0,0.7142857142857143,0.9,0.8,0.9,1
45,Non-Travel,1050,Sales,9,4,Life Sciences,2,Female,65,2,2,Sales Executive,3,Married,5593,17970,1,No,13,3,4,1,15,2,3,15,10,4,12,2796.5,1.0,0.6666666666666666,0.8,0.26666666666666666,0
29,Travel_Rarely,906,Research & Development,10,3,Life Sciences,4,Female,92,2,1,Research Scientist,1,Single,2404,11479,6,Yes,20,4,3,0,3,5,3,0,0,0,0,2404.0,0.0,0.0,0.0,0.0,1
28,Travel_Rarely,1083,Research & Development,29,1,Life Sciences,3,Male,96,1,2,Manufacturing Director,2,Married,6549,3173,1,No,14,3,2,2,8,2,2,8,6,1,7,3274.5,1.0,0.75,0.875,0.125,0
39,Travel_Rarely,524,Research & Development,18,2,Life Sciences,1,Male,32,3,2,Manufacturing Director,3,Single,4534,13352,0,No,11,3,1,0,9,6,3,8,7,1,7,2267.0,0.8888888888888888,0.875,0.875,0.125,0
23,Travel_Rarely,571,Research & Development,12,2,Other,4,Male,78,3,1,Laboratory Technician,4,Single,2647,13672,1,No,13,3,3,0,5,6,4,5,2,1,4,2647.0,1.0,0.4,0.8,0.2,0
46,Travel_Rarely,669,Sales,9,2,Medical,3,Male,64,2,3,Sales Executive,4,Single,9619,13596,1,No,16,3,4,0,9,3,3,9,8,4,7,3206.3333333333335,1.0,0.8888888888888888,0.7777777777777778,0.4444444444444444,1
38,Travel_Rarely,1333,Research & Development,1,3,Technical Degree,4,Female,80,3,3,Research Director,1,Married,13582,16292,1,No,13,3,2,1,15,3,3,15,12,5,11,4527.333333333333,1.0,0.8,0.7333333333333333,0.3333333333333333,0
27,Non-Travel,443,Research & Development,3,3,Medical,4,Male,50,3,1,Research Scientist,4,Married,1706,16571,1,No,11,3,3,3,0,6,2,0,0,0,0,1706.0,0.0,0.0,0.0,0.0,0
53,Travel_Rarely,1223,Research & Development,7,2,Medical,4,Female,50,3,5,Manager,3,Divorced,18606,18640,3,No,18,3,2,1,26,6,3,7,7,4,7,3721.2,0.2692307692307692,1.0,1.0,0.5714285714285714,0
27,Travel_Frequently,829,Sales,8,1,Marketing,3,Male,84,3,2,Sales Executive,4,Married,4342,24008,0,No,19,3,2,1,5,3,3,4,2,1,1,2171.0,0.8,0.5,0.25,0.25,0
33,Non-Travel,530,Sales,16,3,Life Sciences,3,Female,36,3,2,Sales Executive,4,Divorced,5368,16130,1,Yes,25,4,3,1,7,2,3,6,5,1,2,2684.0,0.8571428571428571,0.8333333333333334,0.3333333333333333,0.16666666666666666,0
34,Travel_Frequently,878,Research & Development,10,4,Medical,4,Male,43,3,1,Research Scientist,3,Divorced,3815,5972,1,Yes,17,3,4,1,5,4,4,5,3,2,0,3815.0,1.0,0.6,0.0,0.4,0
24,Travel_Rarely,823,Research & Development,17,2,Other,4,Male,94,2,1,Laboratory Technician,2,Married,2127,9100,1,No,21,4,4,1,1,2,3,1,0,0,0,2127.0,1.0,0.0,0.0,0.0,0
29,Travel_Rarely,1092,Research & Development,1,4,Medical,1,Male,36,3,1,Research Scientist,4,Married,4787,26124,9,Yes,14,3,2,3,4,3,4,2,2,2,2,4787.0,0.5,1.0,1.0,1.0,1
27,Travel_Frequently,1410,Sales,3,1,Medical,4,Female,71,4,2,Sales Executive,4,Divorced,4647,16673,1,Yes,20,4,2,2,6,3,3,6,5,0,4,2323.5,1.0,0.8333333333333334,0.6666666666666666,0.0,0
38,Travel_Rarely,903,Research & Development,2,3,Medical,3,Male,81,3,2,Manufacturing Director,2,Married,4855,7653,4,No,11,3,1,2,7,2,3,5,2,1,4,2427.5,0.7142857142857143,0.4,0.8,0.2,1
28,Travel_Rarely,1172,Sales,3,3,Medical,2,Female,78,3,1,Sales Representative,2,Married,2856,3692,1,No,19,3,4,1,1,3,3,1,0,0,0,2856.0,1.0,0.0,0.0,0.0,0
58,Non-Travel,390,Research & Development,1,4,Life Sciences,4,Male,32,1,2,Healthcare Representative,3,Divorced,5660,17056,2,Yes,13,3,4,1,12,2,3,5,3,1,2,2830.0,0.4166666666666667,0.6,0.4,0.2,0
24,Travel_Rarely,1206,Research & Development,17,1,Medical,4,Female,41,2,2,Manufacturing Director,3,Divorced,4377,24117,1,No,15,3,2,2,5,6,3,4,2,3,2,2188.5,0.8,0.5,0.5,0.75,0
52,Travel_Rarely,266,Sales,2,1,Marketing,1,Female,57,1,5,Manager,4,Married,19845,25846,1,No,15,3,4,1,33,3,3,32,14,6,9,3969.0,0.9696969696969697,0.4375,0.28125,0.1875,1
38,Travel_Frequently,693,Research & Development,7,3,Life Sciences,4,Male,57,4,1,Research Scientist,3,Divorced,2610,15748,1,No,11,3,4,3,4,2,3,4,2,0,3,2610.0,1.0,0.5,0.75,0.0,0
41,Non-Travel,906,Research & Development,5,2,Life Sciences,1,Male,95,2,1,Research Scientist,1,Divorced,2107,20293,6,No,17,3,1,1,5,2,1,1,0,0,0,2107.0,0.2,0.0,0.0,0.0,1
39,Travel_Rarely,1383,Human Resources,2,3,Life Sciences,4,Female,42,2,2,Human Resources,4,Married,5204,7790,8,No,11,3,3,2,13,2,3,5,4,0,4,2602.0,0.38461538461538464,0.8,0.8,0.0,0
33,Travel_Rarely,587,Research & Development,10,1,Medical,1,Male,38,1,1,Laboratory Technician,4,Divorced,3408,6705,7,No,13,3,1,3,8,2,3,4,3,1,3,3408.0,0.5,0.75,0.75,0.25,1
29,Travel_Frequently,746,Sales,24,3,Technical Degree,3,Male,45,4,1,Sales Representative,1,Single,1091,10642,1,No,17,3,4,0,1,3,3,1,0,0,0,1091.0,1.0,0.0,0.0,0.0,1
36,Travel_Rarely,1351,Research & Development,26,4,Life Sciences,1,Male,80,3,2,Healthcare Representative,3,Married,5347,7419,6,No,14,3,2,2,10,2,2,3,2,0,2,2673.5,0.3,0.6666666666666666,0.6666666666666666,0.0,0
33,Travel_Rarely,465,Research & Development,2,2,Life Sciences,1,Female,39,3,1,Laboratory Technician,1,Married,2707,21509,7,No,20,4,1,0,13,3,4,9,7,1,7,2707.0,0.6923076923076923,0.7777777777777778,0.7777777777777778,0.1111111111111111,1
45,Travel_Rarely,950,Research & Development,28,3,Technical Degree,4,Male,97,3,1,Research Scientist,4,Married,2132,4585,4,No,20,4,4,1,8,3,3,5,4,0,3,2132.0,0.625,0.8,0.6,0.0,0
20,Travel_Rarely,959,Research & Development,1,3,Life Sciences,4,Female,83,2,1,Research Scientist,2,Single,2836,11757,1,No,13,3,4,0,1,0,4,1,0,0,0,2836.0,1.0,0.0,0.0,0.0,0
51,Travel_Rarely,1323,Research & Development,4,4,Life Sciences,1,Male,34,3,1,Research Scientist,3,Married,2461,10332,9,Yes,12,3,3,3,18,2,4,10,0,2,7,2461.0,0.5555555555555556,0.0,0.7,0.2,1
37,Travel_Rarely,625,Sales,1,4,Life Sciences,1,Male,46,2,3,Sales Executive,3,Married,10609,14922,5,No,11,3,3,0,17,2,1,14,1,11,7,3536.3333333333335,0.8235294117647058,0.07142857142857142,0.5,0.7857142857142857,1
34,Travel_Rarely,404,Research & Development,2,4,Technical Degree,3,Female,98,3,2,Healthcare Representative,4,Single,6687,6163,1,No,11,3,4,0,14,2,4,14,11,4,11,3343.5,1.0,0.7857142857142857,0.7857142857142857,0.2857142857142857,0
36,Non-Travel,635,Sales,10,4,Medical,2,Male,32,3,3,Sales Executive,4,Single,9980,15318,1,No,14,3,4,0,10,3,2,10,3,9,7,3326.6666666666665,1.0,0.3,0.7,0.9,0
33,Travel_Frequently,827,Research & Development,29,4,Medical,1,Female,54,2,2,Research Scientist,3,Single,4508,3129,1,No,22,4,2,0,14,4,3,13,7,3,8,2254.0,0.9285714285714286,0.5384615384615384,0.6153846153846154,0.23076923076923078,1
30,Travel_Rarely,1005,Research & Development,3,3,Technical Degree,4,Female,88,3,1,Research Scientist,1,Single,2657,8556,5,Yes,11,3,3,0,8,5,3,5,2,0,4,2657.0,0.625,0.4,0.8,0.0,1
46,Travel_Rarely,1485,Research & Development,18,3,Medical,3,Female,87,3,2,Manufacturing Director,3,Divorced,4810,26314,2,No,14,3,3,1,19,5,2,10,7,0,8,2405.0,0.5263157894736842,0.7,0.8,0.0,0
24,Travel_Rarely,813,Research & Development,1,3,Medical,2,Male,61,3,1,Research Scientist,4,Married,2293,3020,2,Yes,16,3,1,1,6,2,2,2,0,2,0,2293.0,0.3333333333333333,0.0,0.0,1.0,1
30,Travel_Frequently,1312,Research & Development,2,4,Technical Degree,4,Female,78,2,1,Research Scientist,1,Single,4968,26427,0,No,16,3,4,0,10,2,3,9,7,0,7,4968.0,0.9,0.7777777777777778,0.7777777777777778,0.0,0
47,Travel_Rarely,1454,Sales,2,4,Life Sciences,4,Female,65,2,1,Sales Representative,4,Single,3294,13137,1,Yes,18,3,1,0,3,3,2,3,2,1,2,3294.0,1.0,0.6666666666666666,0.6666666666666666,0.3333333333333333,0
50,Travel_Frequently,959,Sales,1,4,Other,4,Male,81,3,2,Sales Executive,3,Single,4728,17251,3,Yes,14,3,4,0,5,4,3,0,0,0,0,2364.0,0.0,0.0,0.0,0.0,1
37,Travel_Rarely,674,Research & Development,13,3,Medical,1,Male,47,3,2,Research Scientist,4,Married,4285,3031,1,No,17,3,1,0,10,2,3,10,8,3,7,2142.5,1.0,0.8,0.7,0.3,0
30,Non-Travel,641,Sales,25,2,Technical Degree,4,Female,85,3,2,Sales Executive,3,Married,4736,6069,7,Yes,12,3,2,1,4,2,4,2,2,2,2,2368.0,0.5,1.0,1.0,1.0,0
31,Travel_Frequently,754,Sales,26,4,Marketing,1,Male,63,3,2,Sales Executive,4,Married,5617,21075,1,Yes,11,3,3,0,10,4,3,10,7,0,8,2808.5,1.0,0.7,0.8,0.0,1
55,Travel_Rarely,267,Sales,13,4,Marketing,1,Male,85,4,4,Sales Executive,3,Single,13695,9277,6,Yes,17,3,3,0,24,2,2,19,7,3,8,3423.75,0.7916666666666666,0.3684210526315789,0.42105263157894735,0.15789473684210525,1
42,Travel_Rarely,810,Research & Development,23,5,Life Sciences,1,Female,44,3,4,Research Director,4,Single,15992,15901,2,No,14,3,2,0,16,2,3,1,0,0,0,3998.0,0.0625,0.0,0.0,0.0,0
34,Travel_Rarely,1333,Sales,10,4,Life Sciences,3,Female,87,3,1,Sales Representative,3,Married,2220,18410,1,Yes,19,3,4,1,1,2,3,1,1,0,0,2220.0,1.0,1.0,0.0,0.0,0
36,Travel_Rarely,329,Research & Development,2,3,Life Sciences,4,Female,96,3,1,Research Scientist,3,Married,2543,11868,4,No,13,3,2,1,6,3,3,2,2,2,2,2543.0,0.3333333333333333,1.0,1.0,1.0,0
26,Travel_Rarely,471,Research & Development,24,3,Technical Degree,3,Male,66,1,1,Laboratory Technician,4,Single,2340,23213,1,Yes,18,3,2,0,1,3,1,1,0,0,0,2340.0,1.0,0.0,0.0,0.0,1
29,Travel_Rarely,408,Research & Development,25,5,Technical Degree,3,Female,71,2,1,Research Scientist,2,Married,2546,18300,5,No,16,3,2,0,6,2,4,2,2,1,1,2546.0,0.3333333333333333,1.0,0.5,0.5,1
20,Travel_Rarely,129,Research & Development,4,3,Technical Degree,1,Male,84,3,1,Laboratory Technician,1,Single,2973,13008,1,No,19,3,2,0,1,2,3,1,0,0,0,2973.0,1.0,0.0,0.0,0.0,1
53,Travel_Rarely,1168,Sales,24,4,Life Sciences,1,Male,66,3,3,Sales Executive,1,Single,10448,5843,6,Yes,13,3,2,0,15,2,2,2,2,2,2,3482.6666666666665,0.13333333333333333,1.0,1.0,1.0,1
31,Travel_Rarely,202,Research & Development,8,3,Life Sciences,1,Female,34,2,1,Research Scientist,2,Single,1261,22262,1,No,12,3,3,0,1,3,4,1,0,0,0,1261.0,1.0,0.0,0.0,0.0,1
31,Travel_Frequently,523,Research & Development,2,3,Life Sciences,2,Male,94,3,1,Laboratory Technician,4,Married,3722,21081,6,Yes,13,3,3,1,7,2,1,2,2,2,2,3722.0,0.2857142857142857,1.0,1.0,1.0,1
41,Travel_Rarely,167,Research & Development,12,4,Life Sciences,2,Male,46,3,1,Laboratory Technician,4,Married,4766,9051,3,Yes,11,3,1,1,6,4,3,1,0,0,0,4766.0,0.16666666666666666,0.0,0.0,0.0,0
39,Travel_Rarely,170,Research & Development,3,2,Medical,3,Male,76,2,2,Laboratory Technician,3,Divorced,3069,10302,0,No,15,3,4,1,11,3,3,10,8,0,7,1534.5,0.9090909090909091,0.8,0.7,0.0,0
46,Travel_Rarely,644,Research & Development,1,4,Medical,4,Male,97,3,3,Healthcare Representative,1,Divorced,9396,12368,7,No,16,3,3,1,17,3,3,4,2,0,3,3132.0,0.23529411764705882,0.5,0.75,0.0,0
41,Travel_Rarely,509,Research & Development,7,2,Technical Degree,2,Female,43,4,1,Research Scientist,3,Married,3376,18863,1,No,13,3,3,0,10,3,3,10,6,0,8,3376.0,1.0,0.6,0.8,0.0,0
40,Travel_Rarely,369,Research & Development,8,2,Life Sciences,2,Female,92,3,2,Manufacturing Director,1,Married,6516,5041,2,Yes,16,3,2,1,18,3,3,1,0,0,0,3258.0,0.05555555555555555,0.0,0.0,0.0,0
28,Travel_Frequently,289,Research & Development,2,2,Medical,3,Male,38,2,1,Laboratory Technician,1,Single,2561,5355,7,No,11,3,3,0,8,2,2,0,0,0,0,2561.0,0.0,0.0,0.0,0.0,1
20,Travel_Rarely,1141,Sales,2,3,Medical,3,Female,31,3,1,Sales Representative,3,Single,2783,13251,1,No,19,3,1,0,2,3,3,2,2,2,2,2783.0,1.0,1.0,1.0,1.0,0
30,Travel_Frequently,109,Research & Development,5,3,Medical,2,Female,60,3,1,Laboratory Technician,2,Single,2422,25725,0,No,17,3,1,0,4,3,3,3,2,1,2,2422.0,0.75,0.6666666666666666,0.6666666666666666,0.3333333333333333,1
48,Travel_Rarely,626,Research & Development,1,2,Life Sciences,1,Male,98,2,3,Laboratory Technician,3,Single,5381,19294,9,Yes,13,3,4,0,23,2,3,1,0,0,0,1793.6666666666667,0.043478260869565216,0.0,0.0,0.0,1
24,Travel_Frequently,1287,Research & Development,7,3,Life Sciences,1,Female,55,3,1,Laboratory Technician,3,Married,2886,14168,1,Yes,16,3,4,1,6,4,3,6,3,1,2,2886.0,1.0,0.5,0.3333333333333333,0.16666666666666666,1
37,Travel_Rarely,558,Sales,2,3,Marketing,4,Male,75,3,2,Sales Executive,3,Married,9602,3010,4,Yes,11,3,3,1,17,3,2,3,0,1,0,4801.0,0.17647058823529413,0.0,0.0,0.3333333333333333,0
38,Travel_Rarely,1084,Research & Development,29,3,Technical Degree,4,Male,54,3,2,Manufacturing Director,4,Married,6261,4185,3,No,18,3,1,1,9,3,1,7,7,1,7,3130.5,0.7777777777777778,1.0,1.0,0.14285714285714285,0
21,Travel_Rarely,1427,Research & Development,18,1,Other,4,Female,65,3,1,Research Scientist,4,Single,2693,8870,1,No,19,3,1,0,1,3,2,1,0,0,0,2693.0,1.0,0.0,0.0,0.0,1
46,Travel_Rarely,228,Sales,3,3,Life Sciences,3,Female,51,3,4,Manager,2,Married,16606,11380,8,No,12,3,4,1,23,2,4,13,12,5,1,4151.5,0.5652173913043478,0.9230769230769231,0.07692307692307693,0.38461538461538464,0
24,Travel_Rarely,1371,Sales,10,4,Marketing,4,Female,77,3,2,Sales Executive,3,Divorced,4260,5915,1,Yes,12,3,4,1,5,2,4,5,2,0,3,2130.0,1.0,0.4,0.6,0.0,0
42,Travel_Rarely,1128,Research & Development,13,3,Medical,2,Male,95,4,2,Healthcare Representative,1,Married,5538,5696,5,No,18,3,3,2,10,2,2,0,0,0,0,2769.0,0.0,0.0,0.0,0.0,0
33,Travel_Frequently,508,Sales,10,3,Marketing,2,Male,46,2,2,Sales Executive,4,Single,4682,4317,3,No,14,3,3,0,9,6,2,7,7,0,1,2341.0,0.7777777777777778,1.0,0.14285714285714285,0.0,0
33,Travel_Rarely,461,Research & Development,13,1,Life Sciences,2,Female,53,3,1,Research Scientist,4,Single,3452,17241,3,No,18,3,1,0,5,4,3,3,2,0,2,3452.0,0.6,0.6666666666666666,0.6666666666666666,0.0,0
49,Travel_Rarely,1245,Research & Development,18,4,Life Sciences,4,Male,58,2,5,Research Director,3,Divorced,19502,2125,1,Yes,17,3,3,1,31,5,3,31,9,0,9,3900.4,1.0,0.2903225806451613,0.2903225806451613,0.0,0
33,Travel_Frequently,1303,Research & Development,7,2,Life Sciences,4,Male,36,3,2,Healthcare Representative,3,Divorced,5968,18079,1,No,20,4,3,3,9,2,3,9,7,2,8,2984.0,1.0,0.7777777777777778,0.8888888888888888,0.2222222222222222,0
31,Travel_Rarely,1232,Research & Development,7,4,Medical,3,Female,39,3,3,Manufacturing Director,4,Single,7143,25713,1,Yes,14,3,3,0,11,2,2,11,9,4,10,2381.0,1.0,0.8181818181818182,0.9090909090909091,0.36363636363636365,0
49,Travel_Rarely,809,Research & Development,1,3,Life Sciences,3,Male,36,3,4,Manager,3,Single,15379,22384,4,No,14,3,1,0,23,2,3,8,7,0,0,3844.75,0.34782608695652173,0.875,0.0,0.0,0
39,Travel_Rarely,1431,Research & Development,1,4,Medical,3,Female,96,3,1,Laboratory Technician,3,Divorced,2232,15417,7,No,14,3,3,3,7,1,3,3,2,1,2,2232.0,0.42857142857142855,0.6666666666666666,0.6666666666666666,0.3333333333333333,0
23,Travel_Rarely,1243,Research & Development,6,3,Life Sciences,3,Male,63,4,1,Laboratory Technician,1,Married,1601,3445,1,Yes,21,4,3,2,1,2,3,0,0,0,0,1601.0,0.0,0.0,0.0,0.0,1
20,Travel_Rarely,654,Sales,21,3,Marketing,3,Male,43,4,1,Sales Representative,4,Single,2678,5050,1,No,17,3,4,0,2,2,3,2,1,2,2,2678.0,1.0,0.5,1.0,1.0,0
30,Travel_Frequently,1012,Research & Development,5,4,Life Sciences,2,Male,75,2,1,Research Scientist,4,Divorced,3761,2373,9,No,12,3,2,1,10,3,2,5,4,0,3,3761.0,0.5,0.8,0.6,0.0,0
32,Travel_Rarely,801,Sales,1,4,Marketing,3,Female,48,3,3,Sales Executive,4,Married,10422,24032,1,No,19,3,3,2,14,3,3,14,10,5,7,3474.0,1.0,0.7142857142857143,0.5,0.35714285714285715,0
29,Travel_Rarely,408,Sales,23,1,Life Sciences,4,Female,45,2,3,Sales Executive,1,Married,7336,11162,1,No,13,3,1,1,11,3,1,11,8,3,10,2445.3333333333335,1.0,0.7272727272727273,0.9090909090909091,0.2727272727272727,1
53,Travel_Rarely,346,Research & Development,6,3,Life Sciences,4,Male,86,3,2,Laboratory Technician,4,Single,2450,10919,2,No,17,3,4,0,19,4,3,2,2,2,2,1225.0,0.10526315789473684,1.0,1.0,1.0,0
29,Travel_Rarely,1283,Research & Development,23,3,Life Sciences,4,Male,54,3,1,Research Scientist,4,Single,2201,18168,9,No,16,3,4,0,6,4,3,3,2,1,2,2201.0,0.5,0.6666666666666666,0.6666666666666666,0.3333333333333333,0
53,Travel_Rarely,1436,Sales,6,2,Marketing,2,Male,34,3,2,Sales Representative,3,Married,2306,16047,2,Yes,20,4,4,1,13,3,1,7,7,4,5,1153.0,0.5384615384615384,1.0,0.7142857142857143,0.5714285714285714,0
44,Travel_Frequently,429,Research & Development,1,2,Medical,3,Male,99,3,1,Research Scientist,2,Divorced,2342,11092,1,Yes,12,3,3,3,6,2,2,5,3,2,3,2342.0,0.8333333333333334,0.6,0.6,0.4,1
35,Travel_Rarely,1204,Sales,4,3,Technical Degree,4,Male,86,3,3,Sales Executive,1,Single,9582,10333,0,Yes,22,4,1,0,9,2,3,8,7,4,7,3194.0,0.8888888888888888,0.875,0.875,0.5,1
37,Travel_Rarely,370,Research & Development,10,4,Medical,4,Male,58,3,2,Manufacturing Director,1,Single,4213,4992,1,No,15,3,2,0,10,4,1,10,3,0,8,2106.5,1.0,0.3,0.8,0.0,1
54,Travel_Rarely,1147,Sales,3,3,Marketing,4,Female,52,3,2,Sales Executive,1,Married,5940,17011,2,No,14,3,4,1,16,4,3,6,2,0,5,2970.0,0.375,0.3333333333333333,0.8333333333333334,0.0,0
28,Travel_Frequently,1009,Research & Development,1,3,Medical,1,Male,45,2,1,Laboratory Technician,2,Divorced,2596,7160,1,No,15,3,1,2,1,2,3,1,0,0,0,2596.0,1.0,0.0,0.0,0.0,1
24,Travel_Frequently,381,Research & Development,9,3,Medical,2,Male,89,3,1,Laboratory Technician,1,Single,3172,16998,2,Yes,11,3,3,0,4,2,2,0,0,0,0,3172.0,0.0,0.0,0.0,0.0,1
47,Non-Travel,666,Research & Development,29,4,Life Sciences,1,Male,88,3,3,Manager,2,Married,11849,10268,1,Yes,12,3,4,1,10,2,2,10,7,9,9,3949.6666666666665,1.0,0.7,0.9,0.9,1
47,Travel_Frequently,719,Sales,27,2,Life Sciences,2,Female,77,4,2,Sales Executive,3,Single,6397,10339,4,Yes,12,3,4,0,8,2,3,5,4,1,3,3198.5,0.625,0.8,0.6,0.2,1
34,Travel_Frequently,988,Human Resources,23,3,Human Resources,2,Female,43,3,3,Human Resources,1,Divorced,9950,11533,9,Yes,15,3,3,3,11,2,3,3,2,0,2,3316.6666666666665,0.2727272727272727,0.6666666666666666,0.6666666666666666,0.0,1
41,Travel_Rarely,1102,Sales,1,2,Life Sciences,2,Female,94,3,2,Sales Executive,4,Single,5993,19479,8,Yes,11,3,1,0,8,0,1,6,4,0,5,2996.5,0.75,0.6666666666666666,0.8333333333333334,0.0,1
32,Travel_Rarely,824,Research & Development,5,2,Life Sciences,4,Female,67,2,2,Research Scientist,2,Married,5878,15624,3,No,12,3,1,1,12,2,3,7,1,2,5,2939.0,0.5833333333333334,0.14285714285714285,0.7142857142857143,0.2857142857142857,0
35,Travel_Rarely,303,Sales,27,3,Life Sciences,3,Male,84,3,2,Sales Executive,4,Single,5813,13492,1,Yes,18,3,4,0,10,2,3,10,7,7,7,2906.5,1.0,0.7,0.7,0.7,1
39,Travel_Rarely,1132,Research & Development,1,3,Medical,3,Male,48,4,3,Healthcare Representative,4,Divorced,9613,10942,0,No,17,3,1,3,19,5,2,18,10,3,7,3204.3333333333335,0.9473684210526315,0.5555555555555556,0.3888888888888889,0.16666666666666666,0
29,Travel_Rarely,1401,Research & Development,6,1,Medical,2,Female,54,3,1,Laboratory Technician,4,Married,3131,26342,1,No,13,3,1,1,10,5,3,10,8,0,8,3131.0,1.0,0.8,0.8,0.0,0
46,Travel_Rarely,1254,Sales,10,3,Life Sciences,3,Female,64,3,3,Sales Executive,2,Married,7314,14011,5,No,21,4,3,3,14,2,3,8,7,0,7,2438.0,0.5714285714285714,0.875,0.875,0.0,1
31,Non-Travel,587,Sales,2,4,Life Sciences,4,Female,57,3,3,Sales Executive,3,Divorced,9852,8935,1,Yes,19,3,1,1,10,5,2,10,8,9,6,3284.0,1.0,0.8,0.6,0.9,0
56,Travel_Rarely,1255,Research & Development,1,2,Life Sciences,1,Female,90,3,1,Research Scientist,1,Married,2066,10494,2,No,22,4,4,1,5,3,4,3,2,1,0,2066.0,0.6,0.6666666666666666,0.0,0.3333333333333333,0
44,Travel_Rarely,1376,Human Resources,1,2,Medical,2,Male,91,2,3,Human Resources,1,Married,10482,2326,9,No,14,3,4,1,24,1,3,20,6,3,6,3494.0,0.8333333333333334,0.3,0.3,0.15,1
34,Non-Travel,967,Research & Development,16,4,Technical Degree,4,Male,85,1,1,Research Scientist,1,Married,2307,14460,1,Yes,23,4,2,1,5,2,3,5,2,3,0,2307.0,1.0,0.4,0.0,0.6,1
26,Travel_Rarely,1357,Research & Development,25,3,Life Sciences,1,Male,48,1,1,Laboratory Technician,3,Single,2293,10558,1,No,12,3,3,0,1,2,2,1,0,0,1,2293.0,1.0,0.0,1.0,0.0,1
49,Travel_Frequently,1475,Research & Development,28,2,Life Sciences,1,Male,97,2,2,Laboratory Technician,1,Single,4284,22710,3,No,20,4,1,0,20,2,3,4,3,1,3,2142.0,0.2,0.75,0.75,0.25,1
33,Travel_Rarely,1277,Research & Development,15,1,Medical,2,Male,56,3,3,Manager,3,Married,13610,24619,7,Yes,12,3,4,0,15,2,4,7,6,7,7,4536.666666666667,0.4666666666666667,0.8571428571428571,1.0,1.0,1
30,Travel_Rarely,740,Sales,1,3,Life Sciences,2,Male,64,2,2,Sales Executive,1,Married,9714,5323,1,No,11,3,4,1,10,4,3,10,8,6,7,4857.0,1.0,0.8,0.7,0.6,1
42,Travel_Rarely,622,Research & Development,2,4,Life Sciences,3,Female,81,3,2,Healthcare Representative,4,Married,4089,5718,1,No,13,3,2,2,10,4,3,10,2,2,2,2044.5,1.0,0.2,0.2,0.2,0
