,mutual_information
OverTime,0.031238475961851905
JobRole,0.0287732442069146
MonthlyIncome,0.024113420332781223
TotalWorkingYears,0.023131092018543745
JobLevel,0.022598818710907784
YearsAtCompany,0.022491162667506746
Age,0.021245824636238215
StockOptionLevel,0.02036235285469696
YearsInCurrentRole,0.02023772758830723
YearsWithCurrManager,0.017528318875598428
manager_tenure_ratio,0.016832233297254966
role_tenure_ratio,0.016075808976178295
MaritalStatus,0.01321683669313534
NumCompaniesWorked,0.011497241812884276
promotion_stagnation_ratio,0.010575080251373048
EnvironmentSatisfaction,0.00896873307198695
BusinessTravel,0.007758266247916358
income_per_job_level,0.0072592887062664655
EducationField,0.007138006439806424
DistanceFromHome,0.006390532509382431
JobSatisfaction,0.006111899382738725
JobInvolvement,0.006042784393433093
WorkLifeBalance,0.005907638215515886
DailyRate,0.0056791862894566315
TrainingTimesLastYear,0.0052426105347312705
Department,0.004538435845030421
YearsSinceLastPromotion,0.003981998612111813
PercentSalaryHike,0.003585689779313242
HourlyRate,0.003460196362444357
company_tenure_ratio,0.0025604278513182573
MonthlyRate,0.0023047962142118132
Gender,0.0016328914579332148
Education,0.0015793350517204865
RelationshipSatisfaction,0.0007410986992560036
PerformanceRating,5.512755804903762e-05
